<metadata xml:lang="en"><Esri><CreaDate>20200422</CreaDate><CreaTime>10310900</CreaTime><ArcGISFormat>1.0</ArcGISFormat><ArcGISstyle>ISO 19139 Metadata Implementation Specification</ArcGISstyle><SyncOnce>FALSE</SyncOnce><DataProperties><lineage><Process ToolSource="c:\program files (x86)\arcgis\desktop10.3\ArcToolbox\Toolboxes\Data Management Tools.tbx\CalculateField" Date="20160303" Time="092242">CalculateField ADA_Complaints.SDE.Signalized_Corner_Features Proj_Number "144017-a" VB #</Process><Process ToolSource="c:\program files (x86)\arcgis\desktop10.3\ArcToolbox\Toolboxes\Data Management Tools.tbx\CalculateField" Date="20160303" Time="092319">CalculateField ADA_Complaints.SDE.Signalized_Corner_Features Funded "Yes" VB #</Process><Process ToolSource="c:\program files (x86)\arcgis\desktop10.3\ArcToolbox\Toolboxes\Data Management Tools.tbx\CalculateField" Date="20160303" Time="094246">CalculateField ADA_Complaints.SDE.Signalized_Corner_Features Funded "Yes" VB #</Process><Process ToolSource="c:\program files (x86)\arcgis\desktop10.3\ArcToolbox\Toolboxes\Data Management Tools.tbx\CalculateField" Date="20160303" Time="094300">CalculateField ADA_Complaints.SDE.Signalized_Corner_Features Proj_Number "144017-aa" VB #</Process><Process ToolSource="c:\program files (x86)\arcgis\desktop10.3\ArcToolbox\Toolboxes\Data Management Tools.tbx\CalculateField" Date="20160303" Time="094757">CalculateField ADA_Complaints.SDE.Signalized_Corner_Features Proj_Number "144017-ab" VB #</Process><Process ToolSource="c:\program files (x86)\arcgis\desktop10.3\ArcToolbox\Toolboxes\Data Management Tools.tbx\CalculateField" Date="20160303" Time="094806">CalculateField ADA_Complaints.SDE.Signalized_Corner_Features Funded "Yes" VB #</Process><Process ToolSource="c:\program files (x86)\arcgis\desktop10.3\ArcToolbox\Toolboxes\Data Management Tools.tbx\CalculateField" Date="20160303" Time="095210">CalculateField ADA_Complaints.SDE.Signalized_Corner_Features Funded "Yes" VB #</Process><Process ToolSource="c:\program files (x86)\arcgis\desktop10.3\ArcToolbox\Toolboxes\Data Management Tools.tbx\CalculateField" Date="20160303" Time="095222">CalculateField ADA_Complaints.SDE.Signalized_Corner_Features Proj_Number "144017-ac" VB #</Process><Process ToolSource="c:\program files (x86)\arcgis\desktop10.3\ArcToolbox\Toolboxes\Data Management Tools.tbx\CalculateField" Date="20160303" Time="095734">CalculateField ADA_Complaints.SDE.Signalized_Corner_Features Proj_Number "144017-ad" VB #</Process><Process ToolSource="c:\program files (x86)\arcgis\desktop10.3\ArcToolbox\Toolboxes\Data Management Tools.tbx\CalculateField" Date="20160303" Time="095744">CalculateField ADA_Complaints.SDE.Signalized_Corner_Features Funded "Yes" VB #</Process><Process ToolSource="c:\program files (x86)\arcgis\desktop10.3\ArcToolbox\Toolboxes\Data Management Tools.tbx\CalculateField" Date="20160303" Time="125309">CalculateField ADA_Complaints.SDE.Signalized_Corner_Features Proj_Number "144017-ae" VB #</Process><Process ToolSource="c:\program files (x86)\arcgis\desktop10.3\ArcToolbox\Toolboxes\Data Management Tools.tbx\CalculateField" Date="20160303" Time="125320">CalculateField ADA_Complaints.SDE.Signalized_Corner_Features Funded "Yes" VB #</Process><Process ToolSource="c:\program files (x86)\arcgis\desktop10.3\ArcToolbox\Toolboxes\Data Management Tools.tbx\CalculateField" Date="20160303" Time="130147">CalculateField ADA_Complaints.SDE.Signalized_Corner_Features Funded "Yes" VB #</Process><Process ToolSource="c:\program files (x86)\arcgis\desktop10.3\ArcToolbox\Toolboxes\Data Management Tools.tbx\CalculateField" Date="20160303" Time="130154">CalculateField ADA_Complaints.SDE.Signalized_Corner_Features Proj_Number "144017-af" VB #</Process><Process ToolSource="c:\program files (x86)\arcgis\desktop10.3\ArcToolbox\Toolboxes\Data Management Tools.tbx\CalculateField" Date="20160303" Time="132048">CalculateField ADA_Complaints.SDE.Signalized_Corner_Features Funded "Yes" VB #</Process><Process ToolSource="c:\program files (x86)\arcgis\desktop10.3\ArcToolbox\Toolboxes\Data Management Tools.tbx\CalculateField" Date="20160303" Time="132054">CalculateField ADA_Complaints.SDE.Signalized_Corner_Features Proj_Number "144017-ag" VB #</Process><Process ToolSource="c:\program files (x86)\arcgis\desktop10.3\ArcToolbox\Toolboxes\Data Management Tools.tbx\CalculateField" Date="20160303" Time="134332">CalculateField ADA_Complaints.SDE.Signalized_Corner_Features Proj_Number "144017-ai" VB #</Process><Process ToolSource="c:\program files (x86)\arcgis\desktop10.3\ArcToolbox\Toolboxes\Data Management Tools.tbx\CalculateField" Date="20160303" Time="134342">CalculateField ADA_Complaints.SDE.Signalized_Corner_Features Funded "Yes" VB #</Process><Process ToolSource="c:\program files (x86)\arcgis\desktop10.3\ArcToolbox\Toolboxes\Data Management Tools.tbx\CalculateField" Date="20160303" Time="142844">CalculateField ADA_Complaints.SDE.Signalized_Corner_Features Funded "Yes" VB #</Process><Process ToolSource="c:\program files (x86)\arcgis\desktop10.3\ArcToolbox\Toolboxes\Data Management Tools.tbx\CalculateField" Date="20160303" Time="142907">CalculateField ADA_Complaints.SDE.Signalized_Corner_Features Proj_Number "144017-ao" VB #</Process><Process ToolSource="c:\program files (x86)\arcgis\desktop10.3\ArcToolbox\Toolboxes\Data Management Tools.tbx\CalculateField" Date="20160303" Time="144807">CalculateField ADA_Complaints.SDE.Signalized_Corner_Features Proj_Number "144017-ap" VB #</Process><Process ToolSource="c:\program files (x86)\arcgis\desktop10.3\ArcToolbox\Toolboxes\Data Management Tools.tbx\CalculateField" Date="20160303" Time="144817">CalculateField ADA_Complaints.SDE.Signalized_Corner_Features Funded "Yes" VB #</Process><Process ToolSource="c:\program files (x86)\arcgis\desktop10.3\ArcToolbox\Toolboxes\Data Management Tools.tbx\CalculateField" Date="20160303" Time="145336">CalculateField ADA_Complaints.SDE.Signalized_Corner_Features Funded "Yes" VB #</Process><Process ToolSource="c:\program files (x86)\arcgis\desktop10.3\ArcToolbox\Toolboxes\Data Management Tools.tbx\CalculateField" Date="20160303" Time="145344">CalculateField ADA_Complaints.SDE.Signalized_Corner_Features Proj_Number "144017-aq" VB #</Process><Process ToolSource="c:\program files (x86)\arcgis\desktop10.3\ArcToolbox\Toolboxes\Data Management Tools.tbx\CalculateField" Date="20160303" Time="150214">CalculateField ADA_Complaints.SDE.Signalized_Corner_Features Proj_Number "144017-ar" VB #</Process><Process ToolSource="c:\program files (x86)\arcgis\desktop10.3\ArcToolbox\Toolboxes\Data Management Tools.tbx\CalculateField" Date="20160303" Time="150225">CalculateField ADA_Complaints.SDE.Signalized_Corner_Features Funded "Yes" VB #</Process><Process ToolSource="c:\program files (x86)\arcgis\desktop10.3\ArcToolbox\Toolboxes\Data Management Tools.tbx\CalculateField" Date="20160303" Time="150758">CalculateField ADA_Complaints.SDE.Signalized_Corner_Features Funded "Yes" VB #</Process><Process ToolSource="c:\program files (x86)\arcgis\desktop10.3\ArcToolbox\Toolboxes\Data Management Tools.tbx\CalculateField" Date="20160303" Time="150804">CalculateField ADA_Complaints.SDE.Signalized_Corner_Features Proj_Number "144017-as" VB #</Process><Process ToolSource="c:\program files (x86)\arcgis\desktop10.3\ArcToolbox\Toolboxes\Data Management Tools.tbx\CalculateField" Date="20160303" Time="151128">CalculateField ADA_Complaints.SDE.Signalized_Corner_Features Proj_Number "144017-at" VB #</Process><Process ToolSource="c:\program files (x86)\arcgis\desktop10.3\ArcToolbox\Toolboxes\Data Management Tools.tbx\CalculateField" Date="20160303" Time="151138">CalculateField ADA_Complaints.SDE.Signalized_Corner_Features Funded "Yes" VB #</Process><Process ToolSource="c:\program files (x86)\arcgis\desktop10.3\ArcToolbox\Toolboxes\Data Management Tools.tbx\CalculateField" Date="20160303" Time="151546">CalculateField ADA_Complaints.SDE.Signalized_Corner_Features Proj_Number "144017-au" VB #</Process><Process ToolSource="c:\program files (x86)\arcgis\desktop10.3\ArcToolbox\Toolboxes\Data Management Tools.tbx\CalculateField" Date="20160303" Time="151557">CalculateField ADA_Complaints.SDE.Signalized_Corner_Features Funded "Yes" VB #</Process><Process ToolSource="c:\program files (x86)\arcgis\desktop10.3\ArcToolbox\Toolboxes\Data Management Tools.tbx\CalculateField" Date="20160303" Time="151918">CalculateField ADA_Complaints.SDE.Signalized_Corner_Features Funded "Yes" VB #</Process><Process ToolSource="c:\program files (x86)\arcgis\desktop10.3\ArcToolbox\Toolboxes\Data Management Tools.tbx\CalculateField" Date="20160303" Time="151925">CalculateField ADA_Complaints.SDE.Signalized_Corner_Features Proj_Number "144017-aw" VB #</Process><Process ToolSource="c:\program files (x86)\arcgis\desktop10.3\ArcToolbox\Toolboxes\Data Management Tools.tbx\CalculateField" Date="20160303" Time="152536">CalculateField ADA_Complaints.SDE.Signalized_Corner_Features Proj_Number "144017-ax" VB #</Process><Process ToolSource="c:\program files (x86)\arcgis\desktop10.3\ArcToolbox\Toolboxes\Data Management Tools.tbx\CalculateField" Date="20160303" Time="153433">CalculateField ADA_Complaints.SDE.Signalized_Corner_Features Funded "Yes" VB #</Process><Process ToolSource="c:\program files (x86)\arcgis\desktop10.3\ArcToolbox\Toolboxes\Data Management Tools.tbx\CalculateField" Date="20160303" Time="153440">CalculateField ADA_Complaints.SDE.Signalized_Corner_Features Proj_Number "144017-ay" VB #</Process><Process ToolSource="c:\program files (x86)\arcgis\desktop10.3\ArcToolbox\Toolboxes\Data Management Tools.tbx\CalculateField" Date="20160303" Time="154535">CalculateField ADA_Complaints.SDE.Signalized_Corner_Features Proj_Number "144017-az" VB #</Process><Process ToolSource="c:\program files (x86)\arcgis\desktop10.3\ArcToolbox\Toolboxes\Data Management Tools.tbx\CalculateField" Date="20160303" Time="154549">CalculateField ADA_Complaints.SDE.Signalized_Corner_Features Funded "Yes" VB #</Process><Process ToolSource="c:\program files (x86)\arcgis\desktop10.3\ArcToolbox\Toolboxes\Data Management Tools.tbx\CalculateField" Date="20160303" Time="155224">CalculateField ADA_Complaints.SDE.Signalized_Corner_Features Funded "Yes" VB #</Process><Process ToolSource="c:\program files (x86)\arcgis\desktop10.3\ArcToolbox\Toolboxes\Data Management Tools.tbx\CalculateField" Date="20160303" Time="155230">CalculateField ADA_Complaints.SDE.Signalized_Corner_Features Proj_Number "144017-b" VB #</Process><Process ToolSource="c:\program files (x86)\arcgis\desktop10.3\ArcToolbox\Toolboxes\Data Management Tools.tbx\CalculateField" Date="20160303" Time="155747">CalculateField ADA_Complaints.SDE.Signalized_Corner_Features Proj_Number "144017-ba" VB #</Process><Process ToolSource="c:\program files (x86)\arcgis\desktop10.3\ArcToolbox\Toolboxes\Data Management Tools.tbx\CalculateField" Date="20160303" Time="155757">CalculateField ADA_Complaints.SDE.Signalized_Corner_Features Funded "Yes" VB #</Process><Process Name="Calculate Field (31)" ToolSource="c:\program files (x86)\arcgis\desktop10.4\ArcToolbox\Toolboxes\Data Management Tools.tbx\CalculateField" Date="20160926" Time="163822">CalculateField "Database Connections\ADA.sde\ADA_Complaints.SDE.Intersections\ADA_Complaints.SDE.Signalized_Corner_Features" FACILITYID autoIncrement() PYTHON_9.3 "rec=0 \ndef autoIncrement(): \n global rec \n pStart = 1  \n pInterval = 1 \n if (rec == 0):  \n  rec = pStart  \n else:  \n  rec += pInterval  \n return rec"</Process><Process Name="Calculate Field (32)" ToolSource="c:\program files (x86)\arcgis\desktop10.4\ArcToolbox\Toolboxes\Data Management Tools.tbx\CalculateField" Date="20160926" Time="163836">CalculateField "Database Connections\ADA.sde\ADA_Complaints.SDE.Intersections\ADA_Complaints.SDE.Signalized_Corner_Features" FACILITYID str(!FACILITYID!).zfill(7) PYTHON_9.3 #</Process><Process Name="Calculate Field (33)" ToolSource="c:\program files (x86)\arcgis\desktop10.4\ArcToolbox\Toolboxes\Data Management Tools.tbx\CalculateField" Date="20160926" Time="163851">CalculateField "Database Connections\ADA.sde\ADA_Complaints.SDE.Intersections\ADA_Complaints.SDE.Signalized_Corner_Features" FACILITYID str("LC-"!FACILITYID!) PYTHON_9.3 #</Process><Process ToolSource="c:\program files (x86)\arcgis\desktop10.4\ArcToolbox\Toolboxes\Data Management Tools.tbx\CalculateField" Date="20161003" Time="090027">CalculateField ADA_Arterial\ADA_Complaints_SDE_Signalized_Corner_Features Proj_Number "104017-W" VB #</Process><Process ToolSource="c:\program files (x86)\arcgis\desktop10.4\ArcToolbox\Toolboxes\Data Management Tools.tbx\CalculateField" Date="20161003" Time="091500">CalculateField ADA_Arterial\ADA_Complaints_SDE_Signalized_Corner_Features Proj_Number "ODOT-30596(04)" VB #</Process><Process ToolSource="c:\program files (x86)\arcgis\desktop10.4\ArcToolbox\Toolboxes\Data Management Tools.tbx\CalculateField" Date="20161003" Time="092915">CalculateField ADA_Arterial\ADA_Complaints_SDE_Signalized_Corner_Features Proj_Number "COUNTY PROJECT" VB #</Process><Process Name="Calculate Field (31)" ToolSource="c:\program files (x86)\arcgis\desktop10.4\ArcToolbox\Toolboxes\Data Management Tools.tbx\CalculateField" Date="20161003" Time="113916">CalculateField ADA_Arterial\ADA_Complaints_SDE_Signalized_Corner_Features FACILITYID autoIncrement() PYTHON_9.3 "rec=0 \ndef autoIncrement(): \n global rec \n pStart = 1  \n pInterval = 1 \n if (rec == 0):  \n  rec = pStart  \n else:  \n  rec += pInterval  \n return rec"</Process><Process Name="Calculate Field (32)" ToolSource="c:\program files (x86)\arcgis\desktop10.4\ArcToolbox\Toolboxes\Data Management Tools.tbx\CalculateField" Date="20161003" Time="113931">CalculateField ADA_Arterial\ADA_Complaints_SDE_Signalized_Corner_Features FACILITYID str(!FACILITYID!).zfill(7) PYTHON_9.3 #</Process><Process Name="Calculate Field (33)" ToolSource="c:\program files (x86)\arcgis\desktop10.4\ArcToolbox\Toolboxes\Data Management Tools.tbx\CalculateField" Date="20161003" Time="113946">CalculateField ADA_Arterial\ADA_Complaints_SDE_Signalized_Corner_Features FACILITYID str("LC-"!FACILITYID!) PYTHON_9.3 #</Process><Process ToolSource="c:\program files (x86)\arcgis\desktop10.4\ArcToolbox\Toolboxes\Data Management Tools.tbx\CalculateField" Date="20161003" Time="152633">CalculateField ADA_Arterial\ADA_Complaints_SDE_Signalized_Corner_Features Proj_Number "FAP # TCSP-272E(042)TC" VB #</Process><Process ToolSource="c:\program files (x86)\arcgis\desktop10.4\ArcToolbox\Toolboxes\Data Management Tools.tbx\CalculateField" Date="20161003" Time="161200">CalculateField ADA_Arterial\ADA_Complaints_SDE_Signalized_Corner_Features Proj_Number "FAP # TCSP-272E(042)TC" VB #</Process><Process ToolSource="c:\program files (x86)\arcgis\desktop10.4\ArcToolbox\Toolboxes\Data Management Tools.tbx\CalculateField" Date="20161003" Time="162213">CalculateField ADA_Arterial\ADA_Complaints_SDE_Signalized_Corner_Features Proj_Number "104017-W" VB #</Process><Process ToolSource="c:\program files (x86)\arcgis\desktop10.4\ArcToolbox\Toolboxes\Data Management Tools.tbx\CalculateField" Date="20161003" Time="163320">CalculateField ADA_Arterial\ADA_Complaints_SDE_Signalized_Corner_Features Proj_Number "144093-C" VB #</Process><Process ToolSource="c:\program files (x86)\arcgis\desktop10.4\ArcToolbox\Toolboxes\Data Management Tools.tbx\CalculateField" Date="20161004" Time="075812">CalculateField ADA_Arterial\ADA_Complaints_SDE_Signalized_Corner_Features Proj_Number "104017-A" VB #</Process><Process ToolSource="c:\program files (x86)\arcgis\desktop10.4\ArcToolbox\Toolboxes\Data Management Tools.tbx\CalculateField" Date="20161004" Time="082555">CalculateField ADA_Arterial\ADA_Complaints_SDE_Signalized_Corner_Features Proj_Number "FAP#TCSP-272E(042)TC &amp; 144109 YR 1" VB #</Process><Process ToolSource="c:\program files (x86)\arcgis\desktop10.4\ArcToolbox\Toolboxes\Data Management Tools.tbx\CalculateField" Date="20161004" Time="083726">CalculateField ADA_Arterial\ADA_Complaints_SDE_Signalized_Corner_Features Proj_Number "FAP#TCSP-272E(042)TC &amp; 144109 YR 1" VB #</Process><Process ToolSource="c:\program files (x86)\arcgis\desktop10.4\ArcToolbox\Toolboxes\Data Management Tools.tbx\CalculateField" Date="20161004" Time="111549">CalculateField ADA_Arterial\ADA_Complaints_SDE_Signalized_Corner_Features Proj_Number "FAP#TCSP-272E(042)TC &amp; 144109 YR 1" VB #</Process><Process ToolSource="c:\program files (x86)\arcgis\desktop10.4\ArcToolbox\Toolboxes\Data Management Tools.tbx\CalculateField" Date="20161109" Time="161525">CalculateField "ADA Features\Sig Corner" Proj_Number "144109 YR 1" VB #</Process><Process ToolSource="c:\program files (x86)\arcgis\desktop10.4\ArcToolbox\Toolboxes\Data Management Tools.tbx\CalculateField" Date="20170306" Time="151442">CalculateField "ADA Features\SignalizedCorner" Proj_Number "144093-c" VB #</Process><Process ToolSource="c:\program files (x86)\arcgis\desktop10.4\ArcToolbox\Toolboxes\Data Management Tools.tbx\CalculateField" Date="20170721" Time="091440">CalculateField "ADA Features\SignalizedCorner" Proj_Number "SS13" VB #</Process><Process ToolSource="c:\program files (x86)\arcgis\desktop10.5\ArcToolbox\Toolboxes\Data Management Tools.tbx\CalculateField" Date="20180223" Time="142747">CalculateField "ADA Features\SignalizedCorner" Proj_Number "441261" VB #</Process><Process ToolSource="c:\program files (x86)\arcgis\desktop10.5\ArcToolbox\Toolboxes\Data Management Tools.tbx\CalculateField" Date="20180430" Time="114803">CalculateField "ADA_Arterial\Corner Feature" Proj_Number "144109 YR2" VB #</Process><Process ToolSource="c:\program files (x86)\arcgis\desktop10.5\ArcToolbox\Toolboxes\Data Management Tools.tbx\CalculateField" Date="20180430" Time="144129">CalculateField "ADA Features\SignalizedCorner" Proj_Number "144109 YR2" VB #</Process><Process ToolSource="c:\program files (x86)\arcgis\desktop10.6\ArcToolbox\Toolboxes\Data Management Tools.tbx\EnableEditorTracking" Date="20191115" Time="144410">EnableEditorTracking "Database Connections\ADA_Complaints.sde\ADA_Complaints.SDE.Intersections\ADA_Complaints.SDE.Signalized_Corner_Features" # # LASTEDITOR LASTUPDATE # UTC</Process></lineage><itemProps><itemName Sync="TRUE">ADA_SigCorner_2036A0066Z</itemName><imsContentType Sync="TRUE">002</imsContentType><nativeExtBox><westBL Sync="TRUE">2544989.153746</westBL><eastBL Sync="TRUE">2629241.505254</eastBL><southBL Sync="TRUE">376859.810698</southBL><northBL Sync="TRUE">455983.049105</northBL><exTypeCode Sync="TRUE">1</exTypeCode></nativeExtBox><itemLocation><linkage Sync="TRUE">file://\\ES202813\C$\IOT2\Deliverables\2036A0066Z\ADA\Shapefiles\ADA_SigCorner_2036A0066Z.shp</linkage><protocol Sync="TRUE">Local Area Network</protocol></itemLocation><itemSize Sync="TRUE">0.000</itemSize></itemProps><coordRef><type Sync="TRUE">Projected</type><geogcsn Sync="TRUE">GCS_North_American_1983_HARN</geogcsn><csUnits Sync="TRUE">Linear Unit: Foot_US (0.304801)</csUnits><projcsn Sync="TRUE">NAD_1983_HARN_StatePlane_Oklahoma_North_FIPS_3501_Feet</projcsn><peXml Sync="TRUE">&lt;ProjectedCoordinateSystem xsi:type='typens:ProjectedCoordinateSystem' xmlns:xsi='http://www.w3.org/2001/XMLSchema-instance' xmlns:xs='http://www.w3.org/2001/XMLSchema' xmlns:typens='http://www.esri.com/schemas/ArcGIS/10.6'&gt;&lt;WKT&gt;PROJCS[&amp;quot;NAD_1983_HARN_StatePlane_Oklahoma_North_FIPS_3501_Feet&amp;quot;,GEOGCS[&amp;quot;GCS_North_American_1983_HARN&amp;quot;,DATUM[&amp;quot;D_North_American_1983_HARN&amp;quot;,SPHEROID[&amp;quot;GRS_1980&amp;quot;,6378137.0,298.257222101]],PRIMEM[&amp;quot;Greenwich&amp;quot;,0.0],UNIT[&amp;quot;Degree&amp;quot;,0.0174532925199433]],PROJECTION[&amp;quot;Lambert_Conformal_Conic&amp;quot;],PARAMETER[&amp;quot;False_Easting&amp;quot;,1968500.0],PARAMETER[&amp;quot;False_Northing&amp;quot;,0.0],PARAMETER[&amp;quot;Central_Meridian&amp;quot;,-98.0],PARAMETER[&amp;quot;Standard_Parallel_1&amp;quot;,35.56666666666667],PARAMETER[&amp;quot;Standard_Parallel_2&amp;quot;,36.76666666666667],PARAMETER[&amp;quot;Latitude_Of_Origin&amp;quot;,35.0],UNIT[&amp;quot;Foot_US&amp;quot;,0.3048006096012192],AUTHORITY[&amp;quot;EPSG&amp;quot;,2911]]&lt;/WKT&gt;&lt;XOrigin&gt;-121323100&lt;/XOrigin&gt;&lt;YOrigin&gt;-94209400&lt;/YOrigin&gt;&lt;XYScale&gt;36528032.950910643&lt;/XYScale&gt;&lt;ZOrigin&gt;-100000&lt;/ZOrigin&gt;&lt;ZScale&gt;10000&lt;/ZScale&gt;&lt;MOrigin&gt;-100000&lt;/MOrigin&gt;&lt;MScale&gt;10000&lt;/MScale&gt;&lt;XYTolerance&gt;0.0032808333333333331&lt;/XYTolerance&gt;&lt;ZTolerance&gt;0.001&lt;/ZTolerance&gt;&lt;MTolerance&gt;0.001&lt;/MTolerance&gt;&lt;HighPrecision&gt;true&lt;/HighPrecision&gt;&lt;WKID&gt;2911&lt;/WKID&gt;&lt;LatestWKID&gt;2911&lt;/LatestWKID&gt;&lt;/ProjectedCoordinateSystem&gt;</peXml></coordRef></DataProperties><SyncDate>20200422</SyncDate><SyncTime>17235000</SyncTime><ModDate>20200422</ModDate><ModTime>17235000</ModTime></Esri><dataIdInfo><envirDesc Sync="TRUE"> Version 6.2 (Build 9200) ; Esri ArcGIS 10.6.1.9270</envirDesc><dataLang><languageCode value="eng" Sync="TRUE"/><countryCode value="USA" Sync="TRUE"/></dataLang><idCitation><resTitle Sync="TRUE">ADA_SigCorner_2036A0066Z</resTitle><presForm><PresFormCd value="005" Sync="TRUE"/></presForm></idCitation><spatRpType><SpatRepTypCd value="001" Sync="TRUE"/></spatRpType><dataExt><geoEle><GeoBndBox esriExtentType="search"><exTypeCode Sync="TRUE">1</exTypeCode><westBL Sync="TRUE">-96.050456</westBL><eastBL Sync="TRUE">-95.759456</eastBL><northBL Sync="TRUE">36.236692</northBL><southBL Sync="TRUE">36.014393</southBL></GeoBndBox></geoEle></dataExt></dataIdInfo><mdLang><languageCode value="eng" Sync="TRUE"/><countryCode value="USA" Sync="TRUE"/></mdLang><distInfo><distFormat><formatName Sync="TRUE">Shapefile</formatName></distFormat><distTranOps><transSize Sync="TRUE">0.000</transSize></distTranOps></distInfo><mdHrLv><ScopeCd value="005" Sync="TRUE"/></mdHrLv><mdHrLvName Sync="TRUE">dataset</mdHrLvName><refSysInfo><RefSystem><refSysID><identCode code="2911" Sync="TRUE"/><idCodeSpace Sync="TRUE">EPSG</idCodeSpace><idVersion Sync="TRUE">8.9.3(9.0.0)</idVersion></refSysID></RefSystem></refSysInfo><spatRepInfo><VectSpatRep><geometObjs Name="ADA_SigCorner_2036A0066Z"><geoObjTyp><GeoObjTypCd value="004" Sync="TRUE"></GeoObjTypCd></geoObjTyp><geoObjCnt Sync="TRUE">0</geoObjCnt></geometObjs><topLvl><TopoLevCd value="001" Sync="TRUE"></TopoLevCd></topLvl></VectSpatRep></spatRepInfo><spdoinfo><ptvctinf><esriterm Name="ADA_SigCorner_2036A0066Z"><efeatyp Sync="TRUE">Simple</efeatyp><efeageom code="1" Sync="TRUE"></efeageom><esritopo Sync="TRUE">FALSE</esritopo><efeacnt Sync="TRUE">0</efeacnt><spindex Sync="TRUE">FALSE</spindex><linrefer Sync="TRUE">FALSE</linrefer></esriterm></ptvctinf></spdoinfo><eainfo><detailed Name="ADA_SigCorner_2036A0066Z"><enttyp><enttypl Sync="TRUE">ADA_SigCorner_2036A0066Z</enttypl><enttypt Sync="TRUE">Feature Class</enttypt><enttypc Sync="TRUE">0</enttypc></enttyp><attr><attrlabl Sync="TRUE">FID</attrlabl><attalias Sync="TRUE">FID</attalias><attrtype Sync="TRUE">OID</attrtype><attwidth Sync="TRUE">4</attwidth><atprecis Sync="TRUE">0</atprecis><attscale Sync="TRUE">0</attscale><attrdef Sync="TRUE">Internal feature number.</attrdef><attrdefs Sync="TRUE">Esri</attrdefs><attrdomv><udom Sync="TRUE">Sequential unique whole numbers that are automatically generated.</udom></attrdomv></attr><attr><attrlabl Sync="TRUE">GPS_ID</attrlabl><attalias Sync="TRUE">GPS_ID</attalias><attrtype Sync="TRUE">String</attrtype><attwidth Sync="TRUE">20</attwidth><atprecis Sync="TRUE">0</atprecis><attscale Sync="TRUE">0</attscale></attr><attr><attrlabl Sync="TRUE">Xing_Dir</attrlabl><attalias Sync="TRUE">Xing_Dir</attalias><attrtype Sync="TRUE">String</attrtype><attwidth Sync="TRUE">50</attwidth><atprecis Sync="TRUE">0</atprecis><attscale Sync="TRUE">0</attscale></attr><attr><attrlabl Sync="TRUE">Ramps</attrlabl><attalias Sync="TRUE">Ramps</attalias><attrtype Sync="TRUE">String</attrtype><attwidth Sync="TRUE">20</attwidth><atprecis Sync="TRUE">0</atprecis><attscale Sync="TRUE">0</attscale></attr><attr><attrlabl Sync="TRUE">No_Ramps_1</attrlabl><attalias Sync="TRUE">No_Ramps_1</attalias><attrtype Sync="TRUE">String</attrtype><attwidth Sync="TRUE">20</attwidth><atprecis Sync="TRUE">0</atprecis><attscale Sync="TRUE">0</attscale></attr><attr><attrlabl Sync="TRUE">No_Ramps_2</attrlabl><attalias Sync="TRUE">No_Ramps_2</attalias><attrtype Sync="TRUE">String</attrtype><attwidth Sync="TRUE">20</attwidth><atprecis Sync="TRUE">0</atprecis><attscale Sync="TRUE">0</attscale></attr><attr><attrlabl Sync="TRUE">No_Ramps_3</attrlabl><attalias Sync="TRUE">No_Ramps_3</attalias><attrtype Sync="TRUE">String</attrtype><attwidth Sync="TRUE">20</attwidth><atprecis Sync="TRUE">0</atprecis><attscale Sync="TRUE">0</attscale></attr><attr><attrlabl Sync="TRUE">No_Ramps_4</attrlabl><attalias Sync="TRUE">No_Ramps_4</attalias><attrtype Sync="TRUE">String</attrtype><attwidth Sync="TRUE">20</attwidth><atprecis Sync="TRUE">0</atprecis><attscale Sync="TRUE">0</attscale></attr><attr><attrlabl Sync="TRUE">Shape</attrlabl><attalias Sync="TRUE">Shape</attalias><attrtype Sync="TRUE">Geometry</attrtype><attwidth Sync="TRUE">0</attwidth><atprecis Sync="TRUE">0</atprecis><attscale Sync="TRUE">0</attscale><attrdef Sync="TRUE">Feature geometry.</attrdef><attrdefs Sync="TRUE">Esri</attrdefs><attrdomv><udom Sync="TRUE">Coordinates defining the features.</udom></attrdomv></attr><attr><attrlabl Sync="TRUE">Proj_Numbe</attrlabl><attalias Sync="TRUE">Proj_Numbe</attalias><attrtype Sync="TRUE">String</attrtype><attwidth Sync="TRUE">50</attwidth><atprecis Sync="TRUE">0</atprecis><attscale Sync="TRUE">0</attscale></attr><attr><attrlabl Sync="TRUE">Status</attrlabl><attalias Sync="TRUE">Status</attalias><attrtype Sync="TRUE">String</attrtype><attwidth Sync="TRUE">50</attwidth><atprecis Sync="TRUE">0</atprecis><attscale Sync="TRUE">0</attscale></attr><attr><attrlabl Sync="TRUE">Cost</attrlabl><attalias Sync="TRUE">Cost</attalias><attrtype Sync="TRUE">Double</attrtype><attwidth Sync="TRUE">19</attwidth><atprecis Sync="TRUE">0</atprecis><attscale Sync="TRUE">0</attscale></attr><attr><attrlabl Sync="TRUE">LASTUPDATE</attrlabl><attalias Sync="TRUE">LASTUPDATE</attalias><attrtype Sync="TRUE">Date</attrtype><attwidth Sync="TRUE">8</attwidth><atprecis Sync="TRUE">0</atprecis><attscale Sync="TRUE">0</attscale></attr><attr><attrlabl Sync="TRUE">LASTEDITOR</attrlabl><attalias Sync="TRUE">LASTEDITOR</attalias><attrtype Sync="TRUE">String</attrtype><attwidth Sync="TRUE">50</attwidth><atprecis Sync="TRUE">0</atprecis><attscale Sync="TRUE">0</attscale></attr><attr><attrlabl Sync="TRUE">Completed_</attrlabl><attalias Sync="TRUE">Completed_</attalias><attrtype Sync="TRUE">Date</attrtype><attwidth Sync="TRUE">8</attwidth><atprecis Sync="TRUE">0</atprecis><attscale Sync="TRUE">0</attscale></attr><attr><attrlabl Sync="TRUE">Funded</attrlabl><attalias Sync="TRUE">Funded</attalias><attrtype Sync="TRUE">String</attrtype><attwidth Sync="TRUE">5</attwidth><atprecis Sync="TRUE">0</atprecis><attscale Sync="TRUE">0</attscale></attr><attr><attrlabl Sync="TRUE">FACILITYID</attrlabl><attalias Sync="TRUE">FACILITYID</attalias><attrtype Sync="TRUE">String</attrtype><attwidth Sync="TRUE">50</attwidth><atprecis Sync="TRUE">0</atprecis><attscale Sync="TRUE">0</attscale></attr></detailed></eainfo><mdDateSt Sync="TRUE">20200422</mdDateSt></metadata>
