<metadata xml:lang="en"><Esri><CreaDate>20200416</CreaDate><CreaTime>14391700</CreaTime><ArcGISFormat>1.0</ArcGISFormat><ArcGISstyle>XTools Pro Metadata</ArcGISstyle><SyncOnce>FALSE</SyncOnce><DataProperties><lineage><Process ToolSource="c:\program files (x86)\arcgis\desktop10.3\ArcToolbox\Toolboxes\Data Management Tools.tbx\CalculateField" Date="20150615" Time="172408" Name="" export="">CalculateField recs_duplicate_check TDG_Cost_ID autoIncrement() PYTHON_9.3 "rec=0 \ndef autoIncrement(): \n global rec \n pStart = 1  \n pInterval = 1 \n if (rec == 0):  \n  rec = pStart  \n else:  \n  rec += pInterval  \n return rec"</Process><Process ToolSource="c:\program files (x86)\arcgis\desktop10.3\ArcToolbox\Toolboxes\Data Management Tools.tbx\CalculateField" Date="20150616" Time="124059" Name="" export="">CalculateField Recommendations_CURRENT Length_String round( [Shape_Length],2) VB #</Process><Process ToolSource="c:\program files (x86)\arcgis\desktop10.3\ArcToolbox\Toolboxes\Data Management Tools.tbx\CalculateField" Date="20150616" Time="124649" Name="" export="">CalculateField Recommendations_CURRENT NEW_COST_ID "[Length_String]&amp;"."&amp; [TDGID6]&amp;"."&amp; [New_Proj_Num2]&amp;"."&amp; [STREETALL]&amp;"."&amp; [Rec_Facility]" VB #</Process><Process ToolSource="c:\program files (x86)\arcgis\desktop10.3\ArcToolbox\Toolboxes\Data Management Tools.tbx\CalculateField" Date="20150617" Time="101556" Name="" export="">CalculateField Recommendations_CURRENT LTS_Change "[Existing_Total_Stress]- [Planned_Total_Stress]" VB #</Process><Process ToolSource="c:\program files (x86)\arcgis\desktop10.3\ArcToolbox\Toolboxes\Data Management Tools.tbx\CalculateField" Date="20150617" Time="101722" Name="" export="">CalculateField Recommendations_CURRENT LTS_Change "[Planned_Total_Stress]- [Existing_Total_Stress]" VB #</Process><Process ToolSource="c:\program files (x86)\arcgis\desktop10.3\ArcToolbox\Toolboxes\Data Management Tools.tbx\CalculateField" Date="20150630" Time="172635" Name="" export="">CalculateField "Updated Network Map\Recommendations\Recommendations\Recommendations" New_Juris_Name "Broken Arrow" VB #</Process><Process ToolSource="c:\program files (x86)\arcgis\desktop10.3\ArcToolbox\Toolboxes\Data Management Tools.tbx\CalculateField" Date="20150701" Time="100454" Name="" export="">CalculateField "Updated Network Map\Recommendations\Recommendations\Recommendations" Regional_Rank [CoT_Priority_Rank] VB #</Process><Process ToolSource="c:\program files (x86)\arcgis\desktop10.3\ArcToolbox\Toolboxes\Data Management Tools.tbx\CalculateField" Date="20150701" Time="101217" Name="" export="">CalculateField "Updated Network Map\Recommendations\Recommendations\Recommendations" Community_Priority_Rank [CoT_Priority_Rank] VB #</Process><Process ToolSource="c:\program files (x86)\arcgis\desktop10.3\ArcToolbox\Toolboxes\Data Management Tools.tbx\CalculateField" Date="20150710" Time="100404" Name="" export="">CalculateField Recommendations_CURRENT Extent "[STREETALL] &amp; " from " &amp; [from_street] &amp; " to " &amp; [to_street]" VB #</Process><Process ToolSource="C:\Program Files (x86)\ArcGIS\Desktop10.3\ConcatenateRowValue101\ConcatenateRowValues101.tbx\ConcatenateRowValues" Date="20150710" Time="100729" Name="" export="">ConcatenateRowValues Recommendations_CURRENT New_Proj_Num2 Extent Concatenate_Extent ", "</Process><Process ToolSource="c:\program files (x86)\arcgis\desktop10.3\ArcToolbox\Toolboxes\Data Management Tools.tbx\CalculateField" Date="20150710" Time="100945" Name="" export="">CalculateField Recommendations_CURRENT Extent2 [Extent] VB #</Process><Process ToolSource="c:\program files (x86)\arcgis\desktop10.3\ArcToolbox\Toolboxes\Data Management Tools.tbx\CalculateField" Date="20150710" Time="101052" Name="" export="">CalculateField Recommendations_CURRENT Extent3 [Extent] VB #</Process><Process ToolSource="c:\program files (x86)\arcgis\desktop10.3\ArcToolbox\Toolboxes\Data Management Tools.tbx\CalculateField" Date="20150710" Time="101148" Name="" export="">CalculateField Recommendations_CURRENT Extent4 [Extent] VB #</Process><Process ToolSource="C:\Program Files (x86)\ArcGIS\Desktop10.3\ConcatenateRowValue101\ConcatenateRowValues101.tbx\ConcatenateRowValues" Date="20150710" Time="102151" Name="" export="">ConcatenateRowValues Recommendations_CURRENT New_Proj_Num2 Extent4 Extent_Concatenated ", "</Process><Process ToolSource="C:\Program Files (x86)\ArcGIS\Desktop10.3\ConcatenateRowValue101\ConcatenateRowValues101.tbx\ConcatenateRowValues" Date="20150710" Time="102853" Name="" export="">ConcatenateRowValues Recommendations_CURRENT New_Proj_Num2 Extent4 Extent_Concatenated ,</Process><Process ToolSource="C:\Program Files (x86)\ArcGIS\Desktop10.3\ConcatenateRowValue101\ConcatenateRowValues101.tbx\ConcatenateRowValues" Date="20150710" Time="103227" Name="" export="">ConcatenateRowValues Recommendations_CURRENT New_Proj_Num2 Extent4 Extent_Concatenated ", "</Process><Process ToolSource="c:\program files (x86)\arcgis\desktop10.3\ArcToolbox\Toolboxes\Data Management Tools.tbx\CalculateField" Date="20150720" Time="153731" Name="" export="">CalculateField Recommendations_CURRENT LTS_Change "[Existing_Total_Stress] - [Planned_Total_Stress]" VB #</Process><Process ToolSource="c:\program files (x86)\arcgis\desktop10.3\ArcToolbox\Toolboxes\Data Management Tools.tbx\CalculateField" Date="20150720" Time="153809" Name="" export="">CalculateField Recommendations_CURRENT LTS_Change "[Planned_Total_Stress]- [Existing_Total_Stress]" VB #</Process><Process ToolSource="c:\program files (x86)\arcgis\desktop10.3\ArcToolbox\Toolboxes\Data Management Tools.tbx\CalculateField" Date="20150722" Time="164353" Name="" export="">CalculateField Recommendations_CURRENT Segment_Cost [Shape_Length]*168.20 VB #</Process><Process ToolSource="c:\program files (x86)\arcgis\desktop10.3\ArcToolbox\Toolboxes\Data Management Tools.tbx\CalculateField" Date="20150722" Time="165716" Name="" export="">CalculateField Recommendations_CURRENT Segment_Cost [Shape_Length]*168.20 VB #</Process><Process ToolSource="c:\program files (x86)\arcgis\desktop10.3\ArcToolbox\Toolboxes\Data Management Tools.tbx\CalculateField" Date="20150723" Time="092654" Name="" export="">CalculateField Recommendations_CURRENT Segment_Cost [Shape_Length]*0.76 VB #</Process><Process ToolSource="c:\program files (x86)\arcgis\desktop10.3\ArcToolbox\Toolboxes\Data Management Tools.tbx\CalculateField" Date="20150723" Time="092916" Name="" export="">CalculateField Recommendations_CURRENT Segment_Cost [Shape_Length]*136.27 VB #</Process><Process ToolSource="c:\program files (x86)\arcgis\desktop10.3\ArcToolbox\Toolboxes\Data Management Tools.tbx\CalculateField" Date="20150723" Time="143334" Name="" export="">CalculateField Recommendations_CURRENT Cost_Multiplier 11.61 VB #</Process><Process ToolSource="c:\program files (x86)\arcgis\desktop10.3\ArcToolbox\Toolboxes\Data Management Tools.tbx\CalculateField" Date="20150723" Time="144723" Name="" export="">CalculateField Recommendations_CURRENT Segment_Cost_20150723 "[Cost_Multiplier]* [Shape_Length]" VB #</Process><Process ToolSource="c:\program files (x86)\arcgis\desktop10.3\ArcToolbox\Toolboxes\Data Management Tools.tbx\CalculateField" Date="20150723" Time="162937" Name="" export="">CalculateField "INCOG Network 2015-07-17\Recommendations" Segment_Cost [Segment_Cost_20150723] VB #</Process><Process ToolSource="c:\program files (x86)\arcgis\desktop10.3\ArcToolbox\Toolboxes\Data Management Tools.tbx\CalculateField" Date="20150723" Time="170739" Name="" export="">CalculateField "INCOG Network 2015-07-23\Recommendations" Rec_Cost_Per_Foot [Cost_Multiplier] VB #</Process><Process ToolSource="c:\program files (x86)\arcgis\desktop10.3\ArcToolbox\Toolboxes\Data Management Tools.tbx\CalculateField" Date="20150723" Time="170831" Name="" export="">CalculateField "INCOG Network 2015-07-23\Recommendations" Segment_Cost [Segment_Cost_20150723] VB #</Process><Process ToolSource="c:\program files (x86)\arcgis\desktop10.3\ArcToolbox\Toolboxes\Data Management Tools.tbx\CalculateField" Date="20150723" Time="171357" Name="" export="">CalculateField "INCOG Network 2015-07-23\Recommendations" Signed_Route_Type null VB #</Process><Process ToolSource="c:\program files (x86)\arcgis\desktop10.3\ArcToolbox\Toolboxes\Data Management Tools.tbx\CalculateField" Date="20150724" Time="142539" Name="" export="">CalculateField Recommendations_CURRENT Segment_Cost "[Shape_Length]* [Rec_Cost_Per_Foot]" VB #</Process><Process ToolSource="c:\program files (x86)\arcgis\desktop10.3\ArcToolbox\Toolboxes\Data Management Tools.tbx\CalculateField" Date="20150724" Time="142733" Name="" export="">CalculateField Recommendations_CURRENT Segment_Cost "[Shape_Length]* [Rec_Cost_Per_Foot]" VB #</Process><Process ToolSource="c:\program files (x86)\arcgis\desktop10.3\ArcToolbox\Toolboxes\Data Management Tools.tbx\CalculateField" Date="20150819" Time="162752" Name="" export="">CalculateField "INCOG Network 2015-07-29\Recommendations" Jurisdiction_Code left( [TDG_Project_Number_20150717],2) VB #</Process><Process ToolSource="c:\program files (x86)\arcgis\desktop10.3\ArcToolbox\Toolboxes\Data Management Tools.tbx\CalculateField" Date="20150821" Time="140840" Name="" export="">CalculateField "New Group Layer\Recommendations_CURRENT" Rec_Facility "BC" VB #</Process><Process ToolSource="c:\program files (x86)\arcgis\desktop10.3\ArcToolbox\Toolboxes\Data Management Tools.tbx\CalculateField" Date="20150821" Time="141532" Name="" export="">CalculateField "New Group Layer\Recommendations_CURRENT" Planned_Total_Stress [Existing_Total_Stress] VB #</Process><Process ToolSource="c:\program files (x86)\arcgis\desktop10.3\ArcToolbox\Toolboxes\Data Management Tools.tbx\CalculateField" Date="20150821" Time="141609" Name="" export="">CalculateField "New Group Layer\Recommendations_CURRENT" Planned_Volume_Stress [Existing_Volume_Stress] VB #</Process><Process ToolSource="c:\program files (x86)\arcgis\desktop10.3\ArcToolbox\Toolboxes\Data Management Tools.tbx\CalculateField" Date="20150821" Time="141628" Name="" export="">CalculateField "New Group Layer\Recommendations_CURRENT" Planned_Speed_Stress [Existing_Speed_Stress] VB #</Process><Process ToolSource="c:\program files (x86)\arcgis\desktop10.3\ArcToolbox\Toolboxes\Data Management Tools.tbx\CalculateField" Date="20150821" Time="141654" Name="" export="">CalculateField "New Group Layer\Recommendations_CURRENT" Planned_Segment_Stress [Existing_Segment_Stress] VB #</Process><Process ToolSource="c:\program files (x86)\arcgis\desktop10.3\ArcToolbox\Toolboxes\Data Management Tools.tbx\CalculateField" Date="20150821" Time="141725" Name="" export="">CalculateField "New Group Layer\Recommendations_CURRENT" LTS_Change "[Planned_Total_Stress]- [Existing_Total_Stress]" VB #</Process><Process ToolSource="c:\program files (x86)\arcgis\desktop10.3\ArcToolbox\Toolboxes\Data Management Tools.tbx\CalculateField" Date="20150824" Time="094808" Name="" export="">CalculateField Recommendations_CURRENT Rec_Cost_Per_Foot 13.56 VB #</Process><Process ToolSource="c:\program files (x86)\arcgis\desktop10.3\ArcToolbox\Toolboxes\Data Management Tools.tbx\CalculateField" Date="20150824" Time="094930" Name="" export="">CalculateField Recommendations_CURRENT Segment_Cost "[Rec_Cost_Per_Foot]* [Shape_Length]" VB #</Process><Process ToolSource="c:\program files (x86)\arcgis\desktop10.3\ArcToolbox\Toolboxes\Data Management Tools.tbx\CalculateField" Date="20150824" Time="110007" Name="" export="">CalculateField Recommendations_CURRENT Segment_Cost "136.17* [Lgth_Miles]" VB #</Process><Process ToolSource="c:\program files (x86)\arcgis\desktop10.3\ArcToolbox\Toolboxes\Data Management Tools.tbx\CalculateField" Date="20150824" Time="171256" Name="" export="">CalculateField Recommendations_CURRENT Jurisdiction "Owasso" VB #</Process><Process ToolSource="c:\program files (x86)\arcgis\desktop10.3\ArcToolbox\Toolboxes\Data Management Tools.tbx\CalculateField" Date="20150824" Time="171404" Name="" export="">CalculateField Recommendations_CURRENT Jurisdiction "Tulsa County" VB #</Process><Process ToolSource="c:\program files (x86)\arcgis\desktop10.3\ArcToolbox\Toolboxes\Data Management Tools.tbx\CalculateField" Date="20150825" Time="141108" Name="" export="">CalculateField Recommendations_CURRENT Rec_Cost_Per_Foot 3.50 VB #</Process><Process ToolSource="c:\program files (x86)\arcgis\desktop10.3\ArcToolbox\Toolboxes\Data Management Tools.tbx\CalculateField" Date="20150825" Time="141234" Name="" export="">CalculateField Recommendations_CURRENT Rec_Cost_Per_Foot 6.31 VB #</Process><Process ToolSource="c:\program files (x86)\arcgis\desktop10.3\ArcToolbox\Toolboxes\Data Management Tools.tbx\CalculateField" Date="20150825" Time="141311" Name="" export="">CalculateField Recommendations_CURRENT Rec_Cost_Per_Foot 14.59 VB #</Process><Process ToolSource="c:\program files (x86)\arcgis\desktop10.3\ArcToolbox\Toolboxes\Data Management Tools.tbx\CalculateField" Date="20150825" Time="141410" Name="" export="">CalculateField Recommendations_CURRENT Segment_Cost "[Rec_Cost_Per_Foot]* [Shape_Length]" VB #</Process><Process ToolSource="c:\program files (x86)\arcgis\desktop10.3\ArcToolbox\Toolboxes\Data Management Tools.tbx\CalculateField" Date="20150826" Time="125521" Name="" export="">CalculateField Recommendations_CURRENT Existing_Total_Stress 4 VB #</Process><Process ToolSource="c:\program files (x86)\arcgis\desktop10.3\ArcToolbox\Toolboxes\Data Management Tools.tbx\CalculateField" Date="20150831" Time="121021" Name="" export="">CalculateField Recommendations_CURRENT Fac_Category "On-Street" VB #</Process><Process ToolSource="c:\program files (x86)\arcgis\desktop10.3\ArcToolbox\Toolboxes\Data Management Tools.tbx\CalculateField" Date="20150831" Time="121057" Name="" export="">CalculateField Recommendations_CURRENT Fac_Category "Off-Street" VB #</Process><Process ToolSource="c:\program files (x86)\arcgis\desktop10.3\ArcToolbox\Toolboxes\Data Management Tools.tbx\CalculateField" Date="20150831" Time="131842" Name="" export="">CalculateField Recommendations_CURRENT Existing_Total_Stress 4 VB #</Process><Process ToolSource="c:\program files (x86)\arcgis\desktop10.3\ArcToolbox\Toolboxes\Data Management Tools.tbx\CalculateField" Date="20150831" Time="131924" Name="" export="">CalculateField Recommendations_CURRENT LTS_Change "[Planned_Total_Stress]- [Existing_Total_Stress]" VB #</Process><Process ToolSource="c:\program files (x86)\arcgis\desktop10.3\ArcToolbox\Toolboxes\Data Management Tools.tbx\CalculateField" Date="20150911" Time="124958" Name="" export="">CalculateField "Updated Network Map\Recommendations\Bike\Recommendations\Focus\UNDISSOLVED Recommendations" Jurisdiction Jenks VB #</Process><Process ToolSource="c:\program files (x86)\arcgis\desktop10.3\ArcToolbox\Toolboxes\Data Management Tools.tbx\CalculateField" Date="20151026" Time="164121" Name="" export="">CalculateField Recommendations_CURRENT Segment_Cost "[Shape_Length]* [Rec_Cost_Per_Foot]" VB #</Process><Process ToolSource="c:\program files (x86)\arcgis\desktop10.3\ArcToolbox\Toolboxes\Data Management Tools.tbx\CalculateField" Date="20151026" Time="171103" Name="" export="">CalculateField Recommendations_CURRENT Segment_Cost "[Shape_Length]* [Rec_Cost_Per_Foot]" VB #</Process><Process ToolSource="c:\program files (x86)\arcgis\desktop10.3\ArcToolbox\Toolboxes\Data Management Tools.tbx\CalculateField" Date="20151027" Time="134319" Name="" export="">CalculateField Recommendations_CURRENT Assoc_Jurisdiction null VB #</Process><Process ToolSource="c:\program files (x86)\arcgis\desktop10.3\ArcToolbox\Toolboxes\Data Management Tools.tbx\CalculateField" Date="20151027" Time="134505" Name="" export="">CalculateField Recommendations_CURRENT Assoc_Jurisdiction null VB #</Process><Process ToolSource="c:\program files (x86)\arcgis\desktop10.3\ArcToolbox\Toolboxes\Data Management Tools.tbx\CalculateField" Date="20151027" Time="134623" Name="" export="">CalculateField Recommendations_CURRENT Network "Final Network" VB #</Process><Process ToolSource="c:\program files (x86)\arcgis\desktop10.3\ArcToolbox\Toolboxes\Data Management Tools.tbx\CalculateField" Date="20151027" Time="134740" Name="" export="">CalculateField Recommendations_CURRENT Existing_F null VB #</Process><Process ToolSource="c:\program files (x86)\arcgis\desktop10.3\ArcToolbox\Toolboxes\Data Management Tools.tbx\CalculateField" Date="20151027" Time="134951" Name="" export="">CalculateField Recommendations_CURRENT ON_ST_PARK null VB #</Process><Process ToolSource="c:\program files (x86)\arcgis\desktop10.3\ArcToolbox\Toolboxes\Data Management Tools.tbx\CalculateField" Date="20151027" Time="135408" Name="" export="">CalculateField Recommendations_CURRENT Existing_Speed_Stress 0 VB #</Process><Process ToolSource="c:\program files (x86)\arcgis\desktop10.3\ArcToolbox\Toolboxes\Data Management Tools.tbx\CalculateField" Date="20151027" Time="135425" Name="" export="">CalculateField Recommendations_CURRENT Existing_Volume_Stress 0 VB #</Process><Process ToolSource="c:\program files (x86)\arcgis\desktop10.3\ArcToolbox\Toolboxes\Data Management Tools.tbx\CalculateField" Date="20151027" Time="135633" Name="" export="">CalculateField Recommendations_CURRENT Existing_Bike_Lane_Width_Stress null VB #</Process><Process ToolSource="c:\program files (x86)\arcgis\desktop10.3\ArcToolbox\Toolboxes\Data Management Tools.tbx\CalculateField" Date="20151027" Time="135730" Name="" export="">CalculateField Recommendations_CURRENT Existing_Segment_Stress 0 VB #</Process><Process ToolSource="c:\program files (x86)\arcgis\desktop10.3\ArcToolbox\Toolboxes\Data Management Tools.tbx\CalculateField" Date="20151027" Time="140228" Name="" export="">CalculateField Recommendations_CURRENT Wayfind_Signage null VB #</Process><Process ToolSource="c:\program files (x86)\arcgis\desktop10.3\ArcToolbox\Toolboxes\Data Management Tools.tbx\CalculateField" Date="20151027" Time="140309" Name="" export="">CalculateField Recommendations_CURRENT Ex_Tot_Width null VB #</Process><Process ToolSource="c:\program files (x86)\arcgis\desktop10.3\ArcToolbox\Toolboxes\Data Management Tools.tbx\CalculateField" Date="20151027" Time="140413" Name="" export="">CalculateField Recommendations_CURRENT Ex_Speed_Limit null VB #</Process><Process ToolSource="c:\program files (x86)\arcgis\desktop10.3\ArcToolbox\Toolboxes\Data Management Tools.tbx\CalculateField" Date="20151027" Time="140502" Name="" export="">CalculateField Recommendations_CURRENT Ex_Med_Width null VB #</Process><Process ToolSource="c:\program files (x86)\arcgis\desktop10.3\ArcToolbox\Toolboxes\Data Management Tools.tbx\CalculateField" Date="20151027" Time="140554" Name="" export="">CalculateField Recommendations_CURRENT Ex_Facing_Dir null VB #</Process><Process ToolSource="c:\program files (x86)\arcgis\desktop10.3\ArcToolbox\Toolboxes\Data Management Tools.tbx\CalculateField" Date="20151027" Time="140646" Name="" export="">CalculateField Recommendations_CURRENT Ex_Shldr1 null VB #</Process><Process ToolSource="c:\program files (x86)\arcgis\desktop10.3\ArcToolbox\Toolboxes\Data Management Tools.tbx\CalculateField" Date="20151027" Time="140750" Name="" export="">CalculateField Recommendations_CURRENT Ex_L1 null VB #</Process><Process ToolSource="c:\program files (x86)\arcgis\desktop10.3\ArcToolbox\Toolboxes\Data Management Tools.tbx\CalculateField" Date="20151027" Time="140841" Name="" export="">CalculateField Recommendations_CURRENT Ex_L2 null VB #</Process><Process ToolSource="c:\program files (x86)\arcgis\desktop10.3\ArcToolbox\Toolboxes\Data Management Tools.tbx\CalculateField" Date="20151027" Time="140932" Name="" export="">CalculateField Recommendations_CURRENT Ex_L3 null VB #</Process><Process ToolSource="c:\program files (x86)\arcgis\desktop10.3\ArcToolbox\Toolboxes\Data Management Tools.tbx\CalculateField" Date="20151027" Time="141026" Name="" export="">CalculateField Recommendations_CURRENT Ex_LTL1 null VB #</Process><Process ToolSource="c:\program files (x86)\arcgis\desktop10.3\ArcToolbox\Toolboxes\Data Management Tools.tbx\CalculateField" Date="20151027" Time="141114" Name="" export="">CalculateField Recommendations_CURRENT Ex_Cntr_Config null VB #</Process><Process ToolSource="c:\program files (x86)\arcgis\desktop10.3\ArcToolbox\Toolboxes\Data Management Tools.tbx\CalculateField" Date="20151027" Time="141201" Name="" export="">CalculateField Recommendations_CURRENT Ex_LTL2 null VB #</Process><Process ToolSource="c:\program files (x86)\arcgis\desktop10.3\ArcToolbox\Toolboxes\Data Management Tools.tbx\CalculateField" Date="20151027" Time="141948" Name="" export="">CalculateField Recommendations_CURRENT Ex_L4 null VB #</Process><Process ToolSource="c:\program files (x86)\arcgis\desktop10.3\ArcToolbox\Toolboxes\Data Management Tools.tbx\CalculateField" Date="20151027" Time="142046" Name="" export="">CalculateField Recommendations_CURRENT Ex_L5 null VB #</Process><Process ToolSource="c:\program files (x86)\arcgis\desktop10.3\ArcToolbox\Toolboxes\Data Management Tools.tbx\CalculateField" Date="20151027" Time="142321" Name="" export="">CalculateField Recommendations_CURRENT Ex_L6 null VB #</Process><Process ToolSource="c:\program files (x86)\arcgis\desktop10.3\ArcToolbox\Toolboxes\Data Management Tools.tbx\CalculateField" Date="20151027" Time="142412" Name="" export="">CalculateField Recommendations_CURRENT Ex_Shldr2 null VB #</Process><Process ToolSource="c:\program files (x86)\arcgis\desktop10.3\ArcToolbox\Toolboxes\Data Management Tools.tbx\CalculateField" Date="20151027" Time="142614" Name="" export="">CalculateField Recommendations_CURRENT Shldr_2 null VB #</Process><Process ToolSource="c:\program files (x86)\arcgis\desktop10.3\ArcToolbox\Toolboxes\Data Management Tools.tbx\CalculateField" Date="20151027" Time="142705" Name="" export="">CalculateField Recommendations_CURRENT BL1 null VB #</Process><Process ToolSource="c:\program files (x86)\arcgis\desktop10.3\ArcToolbox\Toolboxes\Data Management Tools.tbx\CalculateField" Date="20151027" Time="142816" Name="" export="">CalculateField Recommendations_CURRENT BL1 null VB #</Process><Process ToolSource="c:\program files (x86)\arcgis\desktop10.3\ArcToolbox\Toolboxes\Data Management Tools.tbx\CalculateField" Date="20151027" Time="142858" Name="" export="">CalculateField Recommendations_CURRENT BL2 null VB #</Process><Process ToolSource="c:\program files (x86)\arcgis\desktop10.3\ArcToolbox\Toolboxes\Data Management Tools.tbx\CalculateField" Date="20151027" Time="143011" Name="" export="">CalculateField Recommendations_CURRENT Source "TDG" VB #</Process><Process ToolSource="c:\program files (x86)\arcgis\desktop10.3\ArcToolbox\Toolboxes\Data Management Tools.tbx\CalculateField" Date="20151027" Time="143318" Name="" export="">CalculateField Recommendations_CURRENT FUN_CLASS [FC_OKDOT] VB #</Process><Process ToolSource="c:\program files (x86)\arcgis\desktop10.3\ArcToolbox\Toolboxes\Data Management Tools.tbx\CalculateField" Date="20151027" Time="143424" Name="" export="">CalculateField Recommendations_CURRENT FUN_CLASS null VB #</Process><Process ToolSource="c:\program files (x86)\arcgis\desktop10.3\ArcToolbox\Toolboxes\Data Management Tools.tbx\CalculateField" Date="20151027" Time="143505" Name="" export="">CalculateField Recommendations_CURRENT FUN_CLASS "Local" VB #</Process><Process ToolSource="c:\program files (x86)\arcgis\desktop10.3\ArcToolbox\Toolboxes\Data Management Tools.tbx\CalculateField" Date="20151027" Time="143604" Name="" export="">CalculateField Recommendations_CURRENT FUN_CLASS "Urban Collector" VB #</Process><Process ToolSource="c:\program files (x86)\arcgis\desktop10.3\ArcToolbox\Toolboxes\Data Management Tools.tbx\CalculateField" Date="20151027" Time="143651" Name="" export="">CalculateField Recommendations_CURRENT FUN_CLASS "Minor Arterial" VB #</Process><Process ToolSource="c:\program files (x86)\arcgis\desktop10.3\ArcToolbox\Toolboxes\Data Management Tools.tbx\CalculateField" Date="20151027" Time="143739" Name="" export="">CalculateField Recommendations_CURRENT FUN_CLASS "Principal Arterial" VB #</Process><Process ToolSource="c:\program files (x86)\arcgis\desktop10.3\ArcToolbox\Toolboxes\Data Management Tools.tbx\CalculateField" Date="20151027" Time="143937" Name="" export="">CalculateField Recommendations_CURRENT FUN_CLASS "Trail" VB #</Process><Process ToolSource="c:\program files (x86)\arcgis\desktop10.3\ArcToolbox\Toolboxes\Data Management Tools.tbx\CalculateField" Date="20151027" Time="151306" Name="" export="">CalculateField Recommendations_CURRENT_v2 Existing_Bike_Lane_Width_Stress null VB #</Process><Process ToolSource="c:\program files (x86)\arcgis\desktop10.3\ArcToolbox\Toolboxes\Data Management Tools.tbx\CalculateField" Date="20151027" Time="165645" Name="" export="">CalculateField Recommendations_CURRENT Shldr1 "None" VB #</Process><Process ToolSource="c:\program files (x86)\arcgis\desktop10.3\ArcToolbox\Toolboxes\Data Management Tools.tbx\CalculateField" Date="20151027" Time="170241" Name="" export="">CalculateField Recommendations_CURRENT Source null VB #</Process><Process ToolSource="c:\program files (x86)\arcgis\desktop10.3\ArcToolbox\Toolboxes\Data Management Tools.tbx\CalculateField" Date="20151028" Time="115243" Name="" export="">CalculateField "Recommendation Street Labels" ON_ST_PARK null VB #</Process><Process ToolSource="c:\program files (x86)\arcgis\desktop10.2\ArcToolbox\Toolboxes\Data Management Tools.tbx\CalculateField" Date="20151030" Time="142947" Name="" export="">CalculateField final_bike_prj_all_data Rec_Facility "SR" VB #</Process><Process ToolSource="c:\program files (x86)\arcgis\desktop10.5\ArcToolbox\Toolboxes\Data Management Tools.tbx\CalculateField" Date="20171010" Time="114853">CalculateField Trails_GOPlan Segment_Co "( [Lgth_Miles] *5280)* [Rec_Cost_P]" VB #</Process><Process ToolSource="c:\program files (x86)\arcgis\desktop10.5\ArcToolbox\Toolboxes\Data Management Tools.tbx\CalculateField" Date="20171010" Time="115052">CalculateField Trails_GOPlan Segment_Co "( [Lgth_Miles] *5280)* [Rec_Cost_P]" VB #</Process><Process ToolSource="c:\program files (x86)\arcgis\desktop10.2\ArcToolbox\Toolboxes\Conversion Tools.tbx\FeatureClassToFeatureClass" Date="20171011" Time="074206">FeatureClassToFeatureClass T:\SDE_staging\projected\Trails_GOPlan.shp "Database Connections\SDE7_Manmade.sde\Manmade.SDE.Bike_Pedestrian" Trails_GOPlan # "OBJECTID "OBJECTID" true true false 10 Double 0 10 ,First,#,T:\SDE_staging\projected\Trails_GOPlan.shp,OBJECTID,-1,-1;TDG_Projec "TDG_Projec" true true false 254 Text 0 0 ,First,#,T:\SDE_staging\projected\Trails_GOPlan.shp,TDG_Projec,-1,-1;STREETALL "STREETALL" true true false 80 Text 0 0 ,First,#,T:\SDE_staging\projected\Trails_GOPlan.shp,STREETALL,-1,-1;Jurisdicti "Jurisdicti" true true false 30 Text 0 0 ,First,#,T:\SDE_staging\projected\Trails_GOPlan.shp,Jurisdicti,-1,-1;Jurisdic_1 "Jurisdic_1" true true false 3 Text 0 0 ,First,#,T:\SDE_staging\projected\Trails_GOPlan.shp,Jurisdic_1,-1,-1;Assoc_Juri "Assoc_Juri" true true false 50 Text 0 0 ,First,#,T:\SDE_staging\projected\Trails_GOPlan.shp,Assoc_Juri,-1,-1;TDG_Featur "TDG_Featur" true true false 50 Text 0 0 ,First,#,T:\SDE_staging\projected\Trails_GOPlan.shp,TDG_Featur,-1,-1;Existing_F "Existing_F" true true false 10 Text 0 0 ,First,#,T:\SDE_staging\projected\Trails_GOPlan.shp,Existing_F,-1,-1;Rec_Facili "Rec_Facili" true true false 15 Text 0 0 ,First,#,T:\SDE_staging\projected\Trails_GOPlan.shp,Rec_Facili,-1,-1;Signed_Rou "Signed_Rou" true true false 10 Text 0 0 ,First,#,T:\SDE_staging\projected\Trails_GOPlan.shp,Signed_Rou,-1,-1;Fac_Catego "Fac_Catego" true true false 15 Text 0 0 ,First,#,T:\SDE_staging\projected\Trails_GOPlan.shp,Fac_Catego,-1,-1;Tot_Width "Tot_Width" true true false 254 Text 0 0 ,First,#,T:\SDE_staging\projected\Trails_GOPlan.shp,Tot_Width,-1,-1;Med_Width "Med_Width" true true false 254 Text 0 0 ,First,#,T:\SDE_staging\projected\Trails_GOPlan.shp,Med_Width,-1,-1;Facing_Dir "Facing_Dir" true true false 254 Text 0 0 ,First,#,T:\SDE_staging\projected\Trails_GOPlan.shp,Facing_Dir,-1,-1;Shldr1 "Shldr1" true true false 254 Text 0 0 ,First,#,T:\SDE_staging\projected\Trails_GOPlan.shp,Shldr1,-1,-1;L1 "L1" true true false 254 Text 0 0 ,First,#,T:\SDE_staging\projected\Trails_GOPlan.shp,L1,-1,-1;L2 "L2" true true false 254 Text 0 0 ,First,#,T:\SDE_staging\projected\Trails_GOPlan.shp,L2,-1,-1;L3 "L3" true true false 254 Text 0 0 ,First,#,T:\SDE_staging\projected\Trails_GOPlan.shp,L3,-1,-1;LTL1 "LTL1" true true false 254 Text 0 0 ,First,#,T:\SDE_staging\projected\Trails_GOPlan.shp,LTL1,-1,-1;Cntr_Confi "Cntr_Confi" true true false 254 Text 0 0 ,First,#,T:\SDE_staging\projected\Trails_GOPlan.shp,Cntr_Confi,-1,-1;LTL2 "LTL2" true true false 254 Text 0 0 ,First,#,T:\SDE_staging\projected\Trails_GOPlan.shp,LTL2,-1,-1;L4 "L4" true true false 254 Text 0 0 ,First,#,T:\SDE_staging\projected\Trails_GOPlan.shp,L4,-1,-1;L5 "L5" true true false 254 Text 0 0 ,First,#,T:\SDE_staging\projected\Trails_GOPlan.shp,L5,-1,-1;L6 "L6" true true false 254 Text 0 0 ,First,#,T:\SDE_staging\projected\Trails_GOPlan.shp,L6,-1,-1;Shldr_2 "Shldr_2" true true false 19 Double 0 0 ,First,#,T:\SDE_staging\projected\Trails_GOPlan.shp,Shldr_2,-1,-1;BL1 "BL1" true true false 19 Double 0 0 ,First,#,T:\SDE_staging\projected\Trails_GOPlan.shp,BL1,-1,-1;BL2 "BL2" true true false 19 Double 0 0 ,First,#,T:\SDE_staging\projected\Trails_GOPlan.shp,BL2,-1,-1;Source "Source" true true false 50 Text 0 0 ,First,#,T:\SDE_staging\projected\Trails_GOPlan.shp,Source,-1,-1;FUN_CLASS "FUN_CLASS" true true false 50 Text 0 0 ,First,#,T:\SDE_staging\projected\Trails_GOPlan.shp,FUN_CLASS,-1,-1;NUM_LANES "NUM_LANES" true true false 10 Double 0 10 ,First,#,T:\SDE_staging\projected\Trails_GOPlan.shp,NUM_LANES,-1,-1;LANE_WIDTH "LANE_WIDTH" true true false 5 Long 0 5 ,First,#,T:\SDE_staging\projected\Trails_GOPlan.shp,LANE_WIDTH,-1,-1;ADT "ADT" true true false 19 Double 0 0 ,First,#,T:\SDE_staging\projected\Trails_GOPlan.shp,ADT,-1,-1;Speed_Limi "Speed_Limi" true true false 19 Double 0 0 ,First,#,T:\SDE_staging\projected\Trails_GOPlan.shp,Speed_Limi,-1,-1;Width_Comp "Width_Comp" true true false 19 Double 0 0 ,First,#,T:\SDE_staging\projected\Trails_GOPlan.shp,Width_Comp,-1,-1;ON_ST_PARK "ON_ST_PARK" true true false 3 Text 0 0 ,First,#,T:\SDE_staging\projected\Trails_GOPlan.shp,ON_ST_PARK,-1,-1;Trail_AHJ "Trail_AHJ" true true false 50 Text 0 0 ,First,#,T:\SDE_staging\projected\Trails_GOPlan.shp,Trail_AHJ,-1,-1;Trail_TYPE "Trail_TYPE" true true false 50 Text 0 0 ,First,#,T:\SDE_staging\projected\Trails_GOPlan.shp,Trail_TYPE,-1,-1;Trail_PHAS "Trail_PHAS" true true false 50 Text 0 0 ,First,#,T:\SDE_staging\projected\Trails_GOPlan.shp,Trail_PHAS,-1,-1;Trail_SCOP "Trail_SCOP" true true false 50 Text 0 0 ,First,#,T:\SDE_staging\projected\Trails_GOPlan.shp,Trail_SCOP,-1,-1;Trail_MAP_ "Trail_MAP_" true true false 10 Double 0 10 ,First,#,T:\SDE_staging\projected\Trails_GOPlan.shp,Trail_MAP_,-1,-1;Trail_TP_N "Trail_TP_N" true true false 50 Text 0 0 ,First,#,T:\SDE_staging\projected\Trails_GOPlan.shp,Trail_TP_N,-1,-1;Trail_TP_L "Trail_TP_L" true true false 50 Text 0 0 ,First,#,T:\SDE_staging\projected\Trails_GOPlan.shp,Trail_TP_L,-1,-1;Trail_Date "Trail_Date" true true false 8 Date 0 0 ,First,#,T:\SDE_staging\projected\Trails_GOPlan.shp,Trail_Date,-1,-1;Trail_Note "Trail_Note" true true false 150 Text 0 0 ,First,#,T:\SDE_staging\projected\Trails_GOPlan.shp,Trail_Note,-1,-1;Trail_Widt "Trail_Widt" true true false 10 Text 0 0 ,First,#,T:\SDE_staging\projected\Trails_GOPlan.shp,Trail_Widt,-1,-1;from_stree "from_stree" true true false 254 Text 0 0 ,First,#,T:\SDE_staging\projected\Trails_GOPlan.shp,from_stree,-1,-1;to_street "to_street" true true false 254 Text 0 0 ,First,#,T:\SDE_staging\projected\Trails_GOPlan.shp,to_street,-1,-1;Existing_S "Existing_S" true true false 19 Double 0 0 ,First,#,T:\SDE_staging\projected\Trails_GOPlan.shp,Existing_S,-1,-1;Existing_V "Existing_V" true true false 19 Double 0 0 ,First,#,T:\SDE_staging\projected\Trails_GOPlan.shp,Existing_V,-1,-1;Existing_B "Existing_B" true true false 1 Text 0 0 ,First,#,T:\SDE_staging\projected\Trails_GOPlan.shp,Existing_B,-1,-1;Existing_1 "Existing_1" true true false 19 Double 0 0 ,First,#,T:\SDE_staging\projected\Trails_GOPlan.shp,Existing_1,-1,-1;Existing_T "Existing_T" true true false 19 Double 0 0 ,First,#,T:\SDE_staging\projected\Trails_GOPlan.shp,Existing_T,-1,-1;LTS_Street "LTS_Street" true true false 254 Text 0 0 ,First,#,T:\SDE_staging\projected\Trails_GOPlan.shp,LTS_Street,-1,-1;Planned_Bi "Planned_Bi" true true false 254 Text 0 0 ,First,#,T:\SDE_staging\projected\Trails_GOPlan.shp,Planned_Bi,-1,-1;Planned__B "Planned__B" true true false 10 Double 0 10 ,First,#,T:\SDE_staging\projected\Trails_GOPlan.shp,Planned__B,-1,-1;Planned_Vo "Planned_Vo" true true false 10 Double 0 10 ,First,#,T:\SDE_staging\projected\Trails_GOPlan.shp,Planned_Vo,-1,-1;Planned_Sp "Planned_Sp" true true false 10 Double 0 10 ,First,#,T:\SDE_staging\projected\Trails_GOPlan.shp,Planned_Sp,-1,-1;Planned__1 "Planned__1" true true false 10 Double 0 10 ,First,#,T:\SDE_staging\projected\Trails_GOPlan.shp,Planned__1,-1,-1;Planned_Se "Planned_Se" true true false 10 Double 0 10 ,First,#,T:\SDE_staging\projected\Trails_GOPlan.shp,Planned_Se,-1,-1;Planned_To "Planned_To" true true false 10 Double 0 10 ,First,#,T:\SDE_staging\projected\Trails_GOPlan.shp,Planned_To,-1,-1;LTS_Change "LTS_Change" true true false 13 Float 0 0 ,First,#,T:\SDE_staging\projected\Trails_GOPlan.shp,LTS_Change,-1,-1;Rec_Cost_P "Rec_Cost_P" true true false 19 Double 0 0 ,First,#,T:\SDE_staging\projected\Trails_GOPlan.shp,Rec_Cost_P,-1,-1;Segment_Co "Segment_Co" true true false 19 Double 0 0 ,First,#,T:\SDE_staging\projected\Trails_GOPlan.shp,Segment_Co,-1,-1;Regional_R "Regional_R" true true false 19 Double 0 0 ,First,#,T:\SDE_staging\projected\Trails_GOPlan.shp,Regional_R,-1,-1;Priority_S "Priority_S" true true false 19 Double 0 0 ,First,#,T:\SDE_staging\projected\Trails_GOPlan.shp,Priority_S,-1,-1;Community_ "Community_" true true false 19 Double 0 0 ,First,#,T:\SDE_staging\projected\Trails_GOPlan.shp,Community_,-1,-1;CoT_Priori "CoT_Priori" true true false 19 Double 0 0 ,First,#,T:\SDE_staging\projected\Trails_GOPlan.shp,CoT_Priori,-1,-1;CoT_Prio_1 "CoT_Prio_1" true true false 19 Double 0 0 ,First,#,T:\SDE_staging\projected\Trails_GOPlan.shp,CoT_Prio_1,-1,-1;Segment_Ex "Segment_Ex" true true false 120 Text 0 0 ,First,#,T:\SDE_staging\projected\Trails_GOPlan.shp,Segment_Ex,-1,-1;Project_Ex "Project_Ex" true true false 254 Text 0 0 ,First,#,T:\SDE_staging\projected\Trails_GOPlan.shp,Project_Ex,-1,-1;Lgth_Miles "Lgth_Miles" true true false 19 Double 0 0 ,First,#,T:\SDE_staging\projected\Trails_GOPlan.shp,Lgth_Miles,-1,-1;Shape_Leng "Shape_Leng" true true false 19 Double 0 0 ,First,#,T:\SDE_staging\projected\Trails_GOPlan.shp,Shape_Leng,-1,-1;Revisions "Revisions" true true false 254 Text 0 0 ,First,#,T:\SDE_staging\projected\Trails_GOPlan.shp,Revisions,-1,-1" #</Process><Process ToolSource="c:\program files (x86)\arcgis\desktop10.5\ArcToolbox\Toolboxes\Data Management Tools.tbx\CalculateField" Date="20180730" Time="114845">CalculateField Manmade.SDE.Trails_GOPlan Revisions "JULY 2018 AMENDMENTS" VB #</Process><Process ToolSource="c:\program files (x86)\arcgis\desktop10.5\ArcToolbox\Toolboxes\Data Management Tools.tbx\CalculateField" Date="20180730" Time="115056">CalculateField Manmade.SDE.Trails_GOPlan Rec_Cost_P 13.45 VB #</Process><Process ToolSource="c:\program files (x86)\arcgis\desktop10.5\ArcToolbox\Toolboxes\Data Management Tools.tbx\CalculateField" Date="20180730" Time="115125">CalculateField Manmade.SDE.Trails_GOPlan Rec_Cost_P 13.56 VB #</Process><Process ToolSource="c:\program files (x86)\arcgis\desktop10.5\ArcToolbox\Toolboxes\Data Management Tools.tbx\CalculateField" Date="20180730" Time="115216">CalculateField Manmade.SDE.Trails_GOPlan Rec_Cost_P 13.56 VB #</Process><Process ToolSource="c:\program files (x86)\arcgis\desktop10.5\ArcToolbox\Toolboxes\Data Management Tools.tbx\CalculateField" Date="20180730" Time="115311">CalculateField Manmade.SDE.Trails_GOPlan Rec_Cost_P 6.31 VB #</Process><Process ToolSource="c:\program files (x86)\arcgis\desktop10.5\ArcToolbox\Toolboxes\Data Management Tools.tbx\CalculateField" Date="20180730" Time="115403">CalculateField Manmade.SDE.Trails_GOPlan Rec_Cost_P 136.17 VB #</Process><Process ToolSource="c:\program files (x86)\arcgis\desktop10.5\ArcToolbox\Toolboxes\Data Management Tools.tbx\CalculateField" Date="20180730" Time="115520">CalculateField Manmade.SDE.Trails_GOPlan Rec_Cost_P 0.15 VB #</Process><Process ToolSource="c:\program files (x86)\arcgis\desktop10.5\ArcToolbox\Toolboxes\Data Management Tools.tbx\CalculateField" Date="20180730" Time="115553">CalculateField Manmade.SDE.Trails_GOPlan Rec_Cost_P 168.20 VB #</Process><Process ToolSource="c:\program files (x86)\arcgis\desktop10.5\ArcToolbox\Toolboxes\Data Management Tools.tbx\CalculateField" Date="20180730" Time="115611">CalculateField Manmade.SDE.Trails_GOPlan Rec_Cost_P 136.17 VB #</Process><Process ToolSource="c:\program files (x86)\arcgis\desktop10.5\ArcToolbox\Toolboxes\Data Management Tools.tbx\CalculateField" Date="20180730" Time="115742">CalculateField Manmade.SDE.Trails_GOPlan Segment_Co "( [Lgth_Miles] /5280) * [Rec_Cost_P]" VB #</Process><Process ToolSource="c:\program files (x86)\arcgis\desktop10.5\ArcToolbox\Toolboxes\Data Management Tools.tbx\CalculateField" Date="20180730" Time="115958">CalculateField Manmade.SDE.Trails_GOPlan Segment_Co "( [Lgth_Miles] /5280) * [Rec_Cost_P]" VB #</Process><Process ToolSource="c:\program files (x86)\arcgis\desktop10.5\ArcToolbox\Toolboxes\Data Management Tools.tbx\CalculateField" Date="20180730" Time="120541">CalculateField Manmade.SDE.Trails_GOPlan Segment_Co "( [Lgth_Miles] *5280) * [Rec_Cost_P]" VB #</Process><Process ToolSource="c:\program files (x86)\arcgis\desktop10.5\ArcToolbox\Toolboxes\Data Management Tools.tbx\CalculateField" Date="20180730" Time="120648">CalculateField Manmade.SDE.Trails_GOPlan Segment_Co "( [Lgth_Miles] *5280)* [Rec_Cost_P]" VB #</Process><Process ToolSource="c:\program files (x86)\arcgis\desktop10.5\ArcToolbox\Toolboxes\Data Management Tools.tbx\CalculateField" Date="20180730" Time="120807">CalculateField Manmade.SDE.Trails_GOPlan Segment_Co "( [Lgth_Miles] *5280)* [Rec_Cost_P]" VB #</Process><Process ToolSource="c:\program files (x86)\arcgis\desktop10.5\ArcToolbox\Toolboxes\Data Management Tools.tbx\CalculateField" Date="20180816" Time="095039">CalculateField Manmade.SDE.Trails_GOPlan Segment_Co ([Lgth_Miles] *5280)*[Rec_Cost_P] VB #</Process><Process ToolSource="c:\program files (x86)\arcgis\desktop10.5\ArcToolbox\Toolboxes\Data Management Tools.tbx\CalculateField" Date="20180816" Time="095446">CalculateField Manmade.SDE.Trails_GOPlan Segment_Co "([Lgth_Miles] *5280) * [Rec_Cost_P]" VB #</Process><Process ToolSource="c:\program files (x86)\arcgis\desktop10.5\ArcToolbox\Toolboxes\Data Management Tools.tbx\CalculateField" Date="20190131" Time="120935">CalculateField Manmade.SDE.Trails_GOPlan TDG_Featur "Cycle Track" VB #</Process><Process ToolSource="c:\program files (x86)\arcgis\desktop10.5\ArcToolbox\Toolboxes\Data Management Tools.tbx\CalculateField" Date="20190131" Time="121035">CalculateField Manmade.SDE.Trails_GOPlan TDG_Featur "Priority Shared Lane" VB #</Process><Process ToolSource="c:\program files (x86)\arcgis\desktop10.5\ArcToolbox\Toolboxes\Data Management Tools.tbx\CalculateField" Date="20190131" Time="121105">CalculateField Manmade.SDE.Trails_GOPlan TDG_Featur "Sharrow" VB #</Process><Process ToolSource="c:\program files (x86)\arcgis\desktop10.5\ArcToolbox\Toolboxes\Data Management Tools.tbx\CalculateField" Date="20190131" Time="121133">CalculateField Manmade.SDE.Trails_GOPlan TDG_Featur "Sidewalk" VB #</Process><Process ToolSource="c:\program files (x86)\arcgis\desktop10.5\ArcToolbox\Toolboxes\Data Management Tools.tbx\CalculateField" Date="20190131" Time="121209">CalculateField Manmade.SDE.Trails_GOPlan TDG_Featur "Sidepath" VB #</Process><Process ToolSource="c:\program files (x86)\arcgis\desktop10.5\ArcToolbox\Toolboxes\Data Management Tools.tbx\CalculateField" Date="20190131" Time="121322">CalculateField Manmade.SDE.Trails_GOPlan TDG_Featur "Signed Route" VB #</Process><Process ToolSource="c:\program files (x86)\arcgis\desktop10.5\ArcToolbox\Toolboxes\Data Management Tools.tbx\CalculateField" Date="20190131" Time="121403">CalculateField Manmade.SDE.Trails_GOPlan TDG_Featur "Shared Use Path" VB #</Process><Process ToolSource="c:\program files (x86)\arcgis\desktop10.5\ArcToolbox\Toolboxes\Data Management Tools.tbx\CalculateField" Date="20190812" Time="115642">CalculateField Manmade.SDE.Trails_GOPlan Segment_Co "([Lgth_Miles] *5280)* [Rec_Cost_P]" VB #</Process><Process ToolSource="c:\program files\arcgis\pro\Resources\ArcToolbox\toolboxes\Data Management Tools.tbx\CalculateGeometryAttributes" Date="20200220" Time="093420">CalculateGeometryAttributes Manmade.SDE.Trails_GOPlan "Lgth_Miles LENGTH" "Miles (United States)" # PROJCS['NAD_1983_StatePlane_Oklahoma_North_FIPS_3501_Feet',GEOGCS['GCS_North_American_1983',DATUM['D_North_American_1983',SPHEROID['GRS_1980',6378137.0,298.257222101]],PRIMEM['Greenwich',0.0],UNIT['Degree',0.0174532925199433]],PROJECTION['Lambert_Conformal_Conic'],PARAMETER['False_Easting',1968500.0],PARAMETER['False_Northing',0.0],PARAMETER['Central_Meridian',-98.0],PARAMETER['Standard_Parallel_1',35.56666666666667],PARAMETER['Standard_Parallel_2',36.76666666666667],PARAMETER['Latitude_Of_Origin',35.0],UNIT['Foot_US',0.3048006096012192]]</Process><Process ToolSource="c:\program files\arcgis\pro\Resources\ArcToolbox\toolboxes\Data Management Tools.tbx\CalculateField" Date="20200220" Time="093657">CalculateField Manmade.SDE.Trails_GOPlan Segment_Co (!Lgth_Miles! * 5280)*!Rec_Cost_P! "Python 3" #</Process><Process ToolSource="c:\program files\arcgis\pro\Resources\ArcToolbox\toolboxes\Data Management Tools.tbx\CalculateGeometryAttributes" Date="20200220" Time="145712">CalculateGeometryAttributes Manmade.SDE.Trails_GOPlan "Lgth_Miles LENGTH" "Miles (United States)" # PROJCS['NAD_1983_StatePlane_Oklahoma_North_FIPS_3501_Feet',GEOGCS['GCS_North_American_1983',DATUM['D_North_American_1983',SPHEROID['GRS_1980',6378137.0,298.257222101]],PRIMEM['Greenwich',0.0],UNIT['Degree',0.0174532925199433]],PROJECTION['Lambert_Conformal_Conic'],PARAMETER['False_Easting',1968500.0],PARAMETER['False_Northing',0.0],PARAMETER['Central_Meridian',-98.0],PARAMETER['Standard_Parallel_1',35.56666666666667],PARAMETER['Standard_Parallel_2',36.76666666666667],PARAMETER['Latitude_Of_Origin',35.0],UNIT['Foot_US',0.3048006096012192]]</Process><Process ToolSource="c:\program files\arcgis\pro\Resources\ArcToolbox\toolboxes\Data Management Tools.tbx\CalculateField" Date="20200220" Time="145958">CalculateField Manmade.SDE.Trails_GOPlan Segment_Co "(!Lgth_Miles! * 5280) * !Rec_Cost_P!" "Python 3" #</Process><Process ToolSource="c:\program files\arcgis\pro\Resources\ArcToolbox\toolboxes\Data Management Tools.tbx\CalculateGeometryAttributes" Date="20200224" Time="123525">CalculateGeometryAttributes Manmade.SDE.Trails_GOPlan "Lgth_Miles LENGTH" "Miles (United States)" # PROJCS['NAD_1983_StatePlane_Oklahoma_North_FIPS_3501_Feet',GEOGCS['GCS_North_American_1983',DATUM['D_North_American_1983',SPHEROID['GRS_1980',6378137.0,298.257222101]],PRIMEM['Greenwich',0.0],UNIT['Degree',0.0174532925199433]],PROJECTION['Lambert_Conformal_Conic'],PARAMETER['False_Easting',1968500.0],PARAMETER['False_Northing',0.0],PARAMETER['Central_Meridian',-98.0],PARAMETER['Standard_Parallel_1',35.56666666666667],PARAMETER['Standard_Parallel_2',36.76666666666667],PARAMETER['Latitude_Of_Origin',35.0],UNIT['Foot_US',0.3048006096012192]]</Process><Process ToolSource="c:\program files\arcgis\pro\Resources\ArcToolbox\toolboxes\Data Management Tools.tbx\CalculateField" Date="20200224" Time="123842">CalculateField Manmade.SDE.Trails_GOPlan Segment_Co "(!Lgth_Miles! * 5280) * !Rec_Cost_P!" "Python 3" #</Process><Process ToolSource="c:\program files\arcgis\pro\Resources\ArcToolbox\toolboxes\Data Management Tools.tbx\CalculateGeometryAttributes" Date="20200224" Time="161334">CalculateGeometryAttributes Manmade.SDE.Trails_GOPlan "Lgth_Miles LENGTH" "Miles (United States)" # PROJCS['NAD_1983_StatePlane_Oklahoma_North_FIPS_3501_Feet',GEOGCS['GCS_North_American_1983',DATUM['D_North_American_1983',SPHEROID['GRS_1980',6378137.0,298.257222101]],PRIMEM['Greenwich',0.0],UNIT['Degree',0.0174532925199433]],PROJECTION['Lambert_Conformal_Conic'],PARAMETER['False_Easting',1968500.0],PARAMETER['False_Northing',0.0],PARAMETER['Central_Meridian',-98.0],PARAMETER['Standard_Parallel_1',35.56666666666667],PARAMETER['Standard_Parallel_2',36.76666666666667],PARAMETER['Latitude_Of_Origin',35.0],UNIT['Foot_US',0.3048006096012192]]</Process><Process ToolSource="c:\program files\arcgis\pro\Resources\ArcToolbox\toolboxes\Data Management Tools.tbx\CalculateField" Date="20200224" Time="161506">CalculateField Manmade.SDE.Trails_GOPlan Segment_Co "(!Lgth_Miles! * 5280) * !Rec_Cost_P!" "Python 3" #</Process><Process ToolSource="c:\program files\arcgis\pro\Resources\ArcToolbox\toolboxes\Data Management Tools.tbx\CalculateGeometryAttributes" Date="20200225" Time="121306">CalculateGeometryAttributes Manmade.SDE.Trails_GOPlan "Lgth_Miles LENGTH" "Miles (United States)" # PROJCS['NAD_1983_StatePlane_Oklahoma_North_FIPS_3501_Feet',GEOGCS['GCS_North_American_1983',DATUM['D_North_American_1983',SPHEROID['GRS_1980',6378137.0,298.257222101]],PRIMEM['Greenwich',0.0],UNIT['Degree',0.0174532925199433]],PROJECTION['Lambert_Conformal_Conic'],PARAMETER['False_Easting',1968500.0],PARAMETER['False_Northing',0.0],PARAMETER['Central_Meridian',-98.0],PARAMETER['Standard_Parallel_1',35.56666666666667],PARAMETER['Standard_Parallel_2',36.76666666666667],PARAMETER['Latitude_Of_Origin',35.0],UNIT['Foot_US',0.3048006096012192]]</Process><Process ToolSource="c:\program files\arcgis\pro\Resources\ArcToolbox\toolboxes\Data Management Tools.tbx\CalculateGeometryAttributes" Date="20200225" Time="121558">CalculateGeometryAttributes Manmade.SDE.Trails_GOPlan "Lgth_Miles LENGTH" "Miles (United States)" # PROJCS['NAD_1983_StatePlane_Oklahoma_North_FIPS_3501_Feet',GEOGCS['GCS_North_American_1983',DATUM['D_North_American_1983',SPHEROID['GRS_1980',6378137.0,298.257222101]],PRIMEM['Greenwich',0.0],UNIT['Degree',0.0174532925199433]],PROJECTION['Lambert_Conformal_Conic'],PARAMETER['False_Easting',1968500.0],PARAMETER['False_Northing',0.0],PARAMETER['Central_Meridian',-98.0],PARAMETER['Standard_Parallel_1',35.56666666666667],PARAMETER['Standard_Parallel_2',36.76666666666667],PARAMETER['Latitude_Of_Origin',35.0],UNIT['Foot_US',0.3048006096012192]]</Process><Process ToolSource="c:\program files\arcgis\pro\Resources\ArcToolbox\toolboxes\Data Management Tools.tbx\CalculateField" Date="20200225" Time="121800">CalculateField Manmade.SDE.Trails_GOPlan Segment_Co "(!Lgth_Miles! * 5280) * !Rec_Cost_P!" "Python 3" #</Process><Process ToolSource="c:\program files\arcgis\pro\Resources\ArcToolbox\toolboxes\Data Management Tools.tbx\CalculateGeometryAttributes" Date="20200225" Time="170857">CalculateGeometryAttributes Manmade.SDE.Trails_GOPlan "Lgth_Miles LENGTH" "Miles (United States)" # PROJCS['NAD_1983_StatePlane_Oklahoma_North_FIPS_3501_Feet',GEOGCS['GCS_North_American_1983',DATUM['D_North_American_1983',SPHEROID['GRS_1980',6378137.0,298.257222101]],PRIMEM['Greenwich',0.0],UNIT['Degree',0.0174532925199433]],PROJECTION['Lambert_Conformal_Conic'],PARAMETER['False_Easting',1968500.0],PARAMETER['False_Northing',0.0],PARAMETER['Central_Meridian',-98.0],PARAMETER['Standard_Parallel_1',35.56666666666667],PARAMETER['Standard_Parallel_2',36.76666666666667],PARAMETER['Latitude_Of_Origin',35.0],UNIT['Foot_US',0.3048006096012192]]</Process><Process ToolSource="c:\program files\arcgis\pro\Resources\ArcToolbox\toolboxes\Data Management Tools.tbx\CalculateField" Date="20200225" Time="171642">CalculateField Manmade.SDE.Trails_GOPlan Segment_Co "(!Lgth_Miles! * 5280) * !Rec_Cost_P!" "Python 3" #</Process><Process ToolSource="c:\program files\arcgis\pro\Resources\ArcToolbox\toolboxes\Data Management Tools.tbx\CalculateGeometryAttributes" Date="20200226" Time="113630">CalculateGeometryAttributes Manmade.SDE.Trails_GOPlan "Lgth_Miles LENGTH" "Miles (United States)" # PROJCS['NAD_1983_StatePlane_Oklahoma_North_FIPS_3501_Feet',GEOGCS['GCS_North_American_1983',DATUM['D_North_American_1983',SPHEROID['GRS_1980',6378137.0,298.257222101]],PRIMEM['Greenwich',0.0],UNIT['Degree',0.0174532925199433]],PROJECTION['Lambert_Conformal_Conic'],PARAMETER['False_Easting',1968500.0],PARAMETER['False_Northing',0.0],PARAMETER['Central_Meridian',-98.0],PARAMETER['Standard_Parallel_1',35.56666666666667],PARAMETER['Standard_Parallel_2',36.76666666666667],PARAMETER['Latitude_Of_Origin',35.0],UNIT['Foot_US',0.3048006096012192]]</Process><Process ToolSource="c:\program files\arcgis\pro\Resources\ArcToolbox\toolboxes\Data Management Tools.tbx\CalculateField" Date="20200226" Time="113813">CalculateField Manmade.SDE.Trails_GOPlan Segment_Co "(!Lgth_Miles! * 5280) * !Rec_Cost_P!" "Python 3" #</Process><Process ToolSource="c:\program files\arcgis\pro\Resources\ArcToolbox\toolboxes\Data Management Tools.tbx\CalculateGeometryAttributes" Date="20200226" Time="155534">CalculateGeometryAttributes Manmade.SDE.Trails_GOPlan "Lgth_Miles LENGTH" "Miles (United States)" # PROJCS['NAD_1983_StatePlane_Oklahoma_North_FIPS_3501_Feet',GEOGCS['GCS_North_American_1983',DATUM['D_North_American_1983',SPHEROID['GRS_1980',6378137.0,298.257222101]],PRIMEM['Greenwich',0.0],UNIT['Degree',0.0174532925199433]],PROJECTION['Lambert_Conformal_Conic'],PARAMETER['False_Easting',1968500.0],PARAMETER['False_Northing',0.0],PARAMETER['Central_Meridian',-98.0],PARAMETER['Standard_Parallel_1',35.56666666666667],PARAMETER['Standard_Parallel_2',36.76666666666667],PARAMETER['Latitude_Of_Origin',35.0],UNIT['Foot_US',0.3048006096012192]]</Process><Process ToolSource="c:\program files\arcgis\pro\Resources\ArcToolbox\toolboxes\Data Management Tools.tbx\CalculateField" Date="20200226" Time="162333">CalculateField Manmade.SDE.Trails_GOPlan Fac_Catego 'On-Street' "Python 3" #</Process><Process ToolSource="c:\program files\arcgis\pro\Resources\ArcToolbox\toolboxes\Data Management Tools.tbx\CalculateField" Date="20200226" Time="162628">CalculateField Manmade.SDE.Trails_GOPlan Fac_Catego 'Off-Street' "Python 3" #</Process><Process ToolSource="c:\program files\arcgis\pro\Resources\ArcToolbox\toolboxes\Data Management Tools.tbx\CalculateField" Date="20200226" Time="162955">CalculateField Manmade.SDE.Trails_GOPlan Fac_Catego 'On-Street' "Python 3" #</Process><Process ToolSource="c:\program files\arcgis\pro\Resources\ArcToolbox\toolboxes\Data Management Tools.tbx\CalculateField" Date="20200226" Time="163432">CalculateField Manmade.SDE.Trails_GOPlan Rec_Cost_P '0.15' "Python 3" #</Process><Process ToolSource="c:\program files\arcgis\pro\Resources\ArcToolbox\toolboxes\Data Management Tools.tbx\CalculateField" Date="20200226" Time="163925">CalculateField Manmade.SDE.Trails_GOPlan Rec_Cost_P '3.5' "Python 3" #</Process><Process ToolSource="c:\program files\arcgis\pro\Resources\ArcToolbox\toolboxes\Data Management Tools.tbx\CalculateGeometryAttributes" Date="20200226" Time="164519">CalculateGeometryAttributes Manmade.SDE.Trails_GOPlan "Lgth_Miles LENGTH" "Miles (United States)" # PROJCS['NAD_1983_StatePlane_Oklahoma_North_FIPS_3501_Feet',GEOGCS['GCS_North_American_1983',DATUM['D_North_American_1983',SPHEROID['GRS_1980',6378137.0,298.257222101]],PRIMEM['Greenwich',0.0],UNIT['Degree',0.0174532925199433]],PROJECTION['Lambert_Conformal_Conic'],PARAMETER['False_Easting',1968500.0],PARAMETER['False_Northing',0.0],PARAMETER['Central_Meridian',-98.0],PARAMETER['Standard_Parallel_1',35.56666666666667],PARAMETER['Standard_Parallel_2',36.76666666666667],PARAMETER['Latitude_Of_Origin',35.0],UNIT['Foot_US',0.3048006096012192]]</Process><Process ToolSource="c:\program files\arcgis\pro\Resources\ArcToolbox\toolboxes\Data Management Tools.tbx\CalculateField" Date="20200226" Time="164851">CalculateField Manmade.SDE.Trails_GOPlan Segment_Co "(!Lgth_Miles! * 5280) * !Rec_Cost_P!" "Python 3" #</Process><Process ToolSource="c:\program files\arcgis\pro\Resources\ArcToolbox\toolboxes\Data Management Tools.tbx\CalculateField" Date="20200227" Time="084656">CalculateField Manmade.SDE.Trails_GOPlan Revisions 'FEB 2020 AMENDMENTS' "Python 3" #</Process></lineage><itemProps><itemName Sync="TRUE">GoPlan_2036A0066Z</itemName><imsContentType Sync="TRUE">002</imsContentType><nativeExtBox><westBL Sync="TRUE">2473367.025993</westBL><eastBL Sync="TRUE">2692028.955467</eastBL><southBL Sync="TRUE">318510.764995</southBL><northBL Sync="TRUE">601805.185937</northBL><exTypeCode Sync="TRUE">1</exTypeCode></nativeExtBox><itemLocation><linkage Sync="TRUE">file://\\ES202813\C$\IOT2\Deliverables\2036A0066Z\GO_Plan\Shapefiles\GoPlan_2036A0066Z.shp</linkage><protocol Sync="TRUE">Local Area Network</protocol></itemLocation><itemSize Sync="TRUE">0.000</itemSize></itemProps><coordRef><type Sync="TRUE">Projected</type><geogcsn Sync="TRUE">GCS_North_American_1983</geogcsn><csUnits Sync="TRUE">Linear Unit: Foot_US (0.304801)</csUnits><projcsn Sync="TRUE">NAD_1983_StatePlane_Oklahoma_North_FIPS_3501_Feet</projcsn><peXml Sync="TRUE">&lt;ProjectedCoordinateSystem xsi:type='typens:ProjectedCoordinateSystem' xmlns:xsi='http://www.w3.org/2001/XMLSchema-instance' xmlns:xs='http://www.w3.org/2001/XMLSchema' xmlns:typens='http://www.esri.com/schemas/ArcGIS/10.6'&gt;&lt;WKT&gt;PROJCS[&amp;quot;NAD_1983_StatePlane_Oklahoma_North_FIPS_3501_Feet&amp;quot;,GEOGCS[&amp;quot;GCS_North_American_1983&amp;quot;,DATUM[&amp;quot;D_North_American_1983&amp;quot;,SPHEROID[&amp;quot;GRS_1980&amp;quot;,6378137.0,298.257222101]],PRIMEM[&amp;quot;Greenwich&amp;quot;,0.0],UNIT[&amp;quot;Degree&amp;quot;,0.0174532925199433]],PROJECTION[&amp;quot;Lambert_Conformal_Conic&amp;quot;],PARAMETER[&amp;quot;False_Easting&amp;quot;,1968500.0],PARAMETER[&amp;quot;False_Northing&amp;quot;,0.0],PARAMETER[&amp;quot;Central_Meridian&amp;quot;,-98.0],PARAMETER[&amp;quot;Standard_Parallel_1&amp;quot;,35.56666666666667],PARAMETER[&amp;quot;Standard_Parallel_2&amp;quot;,36.76666666666667],PARAMETER[&amp;quot;Latitude_Of_Origin&amp;quot;,35.0],UNIT[&amp;quot;Foot_US&amp;quot;,0.3048006096012192],AUTHORITY[&amp;quot;EPSG&amp;quot;,2267]]&lt;/WKT&gt;&lt;XOrigin&gt;-121323100&lt;/XOrigin&gt;&lt;YOrigin&gt;-94209400&lt;/YOrigin&gt;&lt;XYScale&gt;36528032.950910643&lt;/XYScale&gt;&lt;ZOrigin&gt;-100000&lt;/ZOrigin&gt;&lt;ZScale&gt;10000&lt;/ZScale&gt;&lt;MOrigin&gt;-100000&lt;/MOrigin&gt;&lt;MScale&gt;10000&lt;/MScale&gt;&lt;XYTolerance&gt;0.0032808333333333331&lt;/XYTolerance&gt;&lt;ZTolerance&gt;0.001&lt;/ZTolerance&gt;&lt;MTolerance&gt;0.001&lt;/MTolerance&gt;&lt;HighPrecision&gt;true&lt;/HighPrecision&gt;&lt;WKID&gt;102724&lt;/WKID&gt;&lt;LatestWKID&gt;2267&lt;/LatestWKID&gt;&lt;/ProjectedCoordinateSystem&gt;</peXml></coordRef></DataProperties><SyncDate>20200422</SyncDate><SyncTime>17180100</SyncTime><ModDate>20200422</ModDate><ModTime>17180100</ModTime><scaleRange><minScale>150000000</minScale><maxScale>5000</maxScale></scaleRange><ArcGISProfile>ItemDescription</ArcGISProfile></Esri><dataIdInfo><envirDesc Sync="TRUE"> Version 6.2 (Build 9200) ; Esri ArcGIS 10.6.1.9270</envirDesc><dataLang><languageCode value="eng" Sync="TRUE"/><countryCode value="USA" Sync="TRUE"/></dataLang><idCitation><resTitle Sync="TRUE">GoPlan_2036A0066Z</resTitle><presForm><PresFormCd value="005" Sync="TRUE"/></presForm></idCitation><spatRpType><SpatRepTypCd value="001" Sync="TRUE"/></spatRpType><dataExt><geoEle xmlns=""><GeoBndBox esriExtentType="search"><exTypeCode Sync="TRUE">1</exTypeCode><westBL Sync="TRUE">-96.296074</westBL><eastBL Sync="TRUE">-95.534077</eastBL><northBL Sync="TRUE">36.640900</northBL><southBL Sync="TRUE">35.849994</southBL></GeoBndBox></geoEle></dataExt><idPurp>For use in identification, planning and implementation of trails for the 2015 Tulsa Regional Bicycle and Pedestrian Master Plan</idPurp><idAbs>&lt;DIV STYLE="text-align:Left;"&gt;&lt;DIV&gt;&lt;DIV&gt;&lt;P&gt;&lt;SPAN&gt;This is a trail and bike facility recommendations layer coded into a street centerline with prioritze projects and generate cost estimates. It includes project number, jurisdiction, and prioritization factors, scores, and ranks. Please refer to the Trails GIS Data dictionary for information about attributes and coded values.&lt;/SPAN&gt;&lt;/P&gt;&lt;P&gt;&lt;SPAN&gt;&lt;SPAN&gt;This is a subset from the recommendations_Current file removing the street segments that did not have a bike or trail recommendation.&lt;/SPAN&gt;&lt;/SPAN&gt;&lt;/P&gt;&lt;/DIV&gt;&lt;/DIV&gt;&lt;/DIV&gt;</idAbs><searchKeys><keyword>INCOG</keyword><keyword>Tulsa</keyword><keyword>Bike</keyword><keyword>Bicycle</keyword><keyword>Pedestrian</keyword><keyword>Ped</keyword><keyword>Trails</keyword><keyword>Bike Lanes</keyword><keyword>Paths</keyword><keyword>Master Plan</keyword><keyword>Oklahoma</keyword><keyword>Bixby</keyword><keyword>Broken Arrow</keyword><keyword>Catoosa</keyword><keyword>Claremore</keyword><keyword>Collinsville</keyword><keyword>Coweta</keyword><keyword>Glenpool</keyword><keyword>Jenks</keyword><keyword>Owasso</keyword><keyword>Sand Springs</keyword><keyword>Sapulpa</keyword><keyword>Skiatook</keyword><keyword>Vector</keyword><keyword>Sidewalk</keyword><keyword>Gaps</keyword><keyword>Sidewalk Gaps</keyword><keyword>ArcGIS</keyword></searchKeys><resConst><Consts><useLimit>&lt;DIV STYLE="text-align:Left;"&gt;&lt;DIV&gt;&lt;DIV&gt;&lt;P&gt;&lt;SPAN&gt;USE OF THIS INFORMATION: This dataset has been created for illustrative purposes only. Although every effort has been made to produce the most current, correct and clearly expressed data possible, all geographic information has limitations due to scale, resolution, date and interpretation of the original source materials. This dataset is based on data collected from various sources that can change over time and without notice. Therefore, the dataset provided is not intended to replace any official source. You should not act or refrain from acting based upon this feature class without independently verifying the information and, if necessary, obtaining professional advice. The burden of determining the accuracy, completeness, timeliness of information rests solely on the user.&lt;/SPAN&gt;&lt;/P&gt;&lt;/DIV&gt;&lt;/DIV&gt;&lt;/DIV&gt;</useLimit></Consts></resConst><idCredit>Toole Design Group, Inc.</idCredit></dataIdInfo><mdLang><languageCode value="eng" Sync="TRUE"/><countryCode value="USA" Sync="TRUE"/></mdLang><distInfo><distFormat><formatName Sync="TRUE">Shapefile</formatName></distFormat><distTranOps><transSize Sync="TRUE">0.000</transSize></distTranOps></distInfo><mdHrLv><ScopeCd value="005" Sync="TRUE"/></mdHrLv><mdHrLvName Sync="TRUE">dataset</mdHrLvName><refSysInfo><RefSystem><refSysID><identCode code="2267" Sync="TRUE"/><idCodeSpace Sync="TRUE">EPSG</idCodeSpace><idVersion Sync="TRUE">5.3(9.0.0)</idVersion></refSysID></RefSystem></refSysInfo><spatRepInfo><VectSpatRep><geometObjs Name="GoPlan_2036A0066Z"><geoObjTyp><GeoObjTypCd value="002" Sync="TRUE"></GeoObjTypCd></geoObjTyp><geoObjCnt Sync="TRUE">0</geoObjCnt></geometObjs><topLvl><TopoLevCd value="001" Sync="TRUE"></TopoLevCd></topLvl></VectSpatRep></spatRepInfo><spdoinfo><direct Sync="TRUE">Vector</direct><ptvctinf><esriterm Name="GoPlan_2036A0066Z"><efeatyp Sync="TRUE">Simple</efeatyp><efeageom code="3" Sync="TRUE"></efeageom><esritopo Sync="TRUE">FALSE</esritopo><efeacnt Sync="TRUE">0</efeacnt><spindex Sync="TRUE">FALSE</spindex><linrefer Sync="TRUE">FALSE</linrefer></esriterm></ptvctinf></spdoinfo><eainfo><detailed Name="GoPlan_2036A0066Z"><enttyp><enttypl Sync="TRUE">GoPlan_2036A0066Z</enttypl><enttypt Sync="TRUE">Feature Class</enttypt><enttypc Sync="TRUE">0</enttypc></enttyp><attr><attrlabl Sync="TRUE">FID</attrlabl><attalias Sync="TRUE">FID</attalias><attrtype Sync="TRUE">OID</attrtype><attwidth Sync="TRUE">4</attwidth><atprecis Sync="TRUE">0</atprecis><attscale Sync="TRUE">0</attscale><attrdef Sync="TRUE">Internal feature number.</attrdef><attrdefs Sync="TRUE">Esri</attrdefs><attrdomv><udom Sync="TRUE">Sequential unique whole numbers that are automatically generated.</udom></attrdomv></attr><attr><attrlabl Sync="TRUE">OBJECTID</attrlabl><attalias Sync="TRUE">OBJECTID</attalias><attrtype Sync="TRUE">Double</attrtype><attwidth Sync="TRUE">19</attwidth><atprecis Sync="TRUE">0</atprecis><attscale Sync="TRUE">0</attscale><attrdef Sync="TRUE">Internal feature number.</attrdef><attrdefs Sync="TRUE">Esri</attrdefs><attrdomv><udom Sync="TRUE">Sequential unique whole numbers that are automatically generated.</udom></attrdomv></attr><attr><attrlabl Sync="TRUE">Shape</attrlabl><attalias Sync="TRUE">Shape</attalias><attrtype Sync="TRUE">Geometry</attrtype><attwidth Sync="TRUE">0</attwidth><atprecis Sync="TRUE">0</atprecis><attscale Sync="TRUE">0</attscale><attrdef Sync="TRUE">Feature geometry.</attrdef><attrdefs Sync="TRUE">Esri</attrdefs><attrdomv><udom Sync="TRUE">Coordinates defining the features.</udom></attrdomv></attr><attr><attrlabl Sync="TRUE">TDG_Projec</attrlabl><attalias Sync="TRUE">TDG_Projec</attalias><attrtype Sync="TRUE">String</attrtype><attwidth Sync="TRUE">254</attwidth><atprecis Sync="TRUE">0</atprecis><attscale Sync="TRUE">0</attscale></attr><attr><attrlabl Sync="TRUE">STREETALL</attrlabl><attalias Sync="TRUE">STREETALL</attalias><attrtype Sync="TRUE">String</attrtype><attwidth Sync="TRUE">80</attwidth><atprecis Sync="TRUE">0</atprecis><attscale Sync="TRUE">0</attscale></attr><attr><attrlabl Sync="TRUE">Jurisdicti</attrlabl><attalias Sync="TRUE">Jurisdicti</attalias><attrtype Sync="TRUE">String</attrtype><attwidth Sync="TRUE">30</attwidth><atprecis Sync="TRUE">0</atprecis><attscale Sync="TRUE">0</attscale></attr><attr><attrlabl Sync="TRUE">Jurisdic_1</attrlabl><attalias Sync="TRUE">Jurisdic_1</attalias><attrtype Sync="TRUE">String</attrtype><attwidth Sync="TRUE">3</attwidth><atprecis Sync="TRUE">0</atprecis><attscale Sync="TRUE">0</attscale></attr><attr><attrlabl Sync="TRUE">Assoc_Juri</attrlabl><attalias Sync="TRUE">Assoc_Juri</attalias><attrtype Sync="TRUE">String</attrtype><attwidth Sync="TRUE">50</attwidth><atprecis Sync="TRUE">0</atprecis><attscale Sync="TRUE">0</attscale></attr><attr><attrlabl Sync="TRUE">TDG_Featur</attrlabl><attalias Sync="TRUE">TDG_Featur</attalias><attrtype Sync="TRUE">String</attrtype><attwidth Sync="TRUE">50</attwidth><atprecis Sync="TRUE">0</atprecis><attscale Sync="TRUE">0</attscale></attr><attr><attrlabl Sync="TRUE">Existing_F</attrlabl><attalias Sync="TRUE">Existing_F</attalias><attrtype Sync="TRUE">String</attrtype><attwidth Sync="TRUE">10</attwidth><atprecis Sync="TRUE">0</atprecis><attscale Sync="TRUE">0</attscale></attr><attr><attrlabl Sync="TRUE">Rec_Facili</attrlabl><attalias Sync="TRUE">Rec_Facili</attalias><attrtype Sync="TRUE">String</attrtype><attwidth Sync="TRUE">15</attwidth><atprecis Sync="TRUE">0</atprecis><attscale Sync="TRUE">0</attscale></attr><attr><attrlabl Sync="TRUE">Signed_Rou</attrlabl><attalias Sync="TRUE">Signed_Rou</attalias><attrtype Sync="TRUE">String</attrtype><attwidth Sync="TRUE">10</attwidth><atprecis Sync="TRUE">0</atprecis><attscale Sync="TRUE">0</attscale></attr><attr><attrlabl Sync="TRUE">Fac_Catego</attrlabl><attalias Sync="TRUE">Fac_Catego</attalias><attrtype Sync="TRUE">String</attrtype><attwidth Sync="TRUE">15</attwidth><atprecis Sync="TRUE">0</atprecis><attscale Sync="TRUE">0</attscale></attr><attr><attrlabl Sync="TRUE">Tot_Width</attrlabl><attalias Sync="TRUE">Tot_Width</attalias><attrtype Sync="TRUE">String</attrtype><attwidth Sync="TRUE">254</attwidth><atprecis Sync="TRUE">0</atprecis><attscale Sync="TRUE">0</attscale></attr><attr><attrlabl Sync="TRUE">Med_Width</attrlabl><attalias Sync="TRUE">Med_Width</attalias><attrtype Sync="TRUE">String</attrtype><attwidth Sync="TRUE">254</attwidth><atprecis Sync="TRUE">0</atprecis><attscale Sync="TRUE">0</attscale></attr><attr><attrlabl Sync="TRUE">Facing_Dir</attrlabl><attalias Sync="TRUE">Facing_Dir</attalias><attrtype Sync="TRUE">String</attrtype><attwidth Sync="TRUE">254</attwidth><atprecis Sync="TRUE">0</atprecis><attscale Sync="TRUE">0</attscale></attr><attr><attrlabl Sync="TRUE">Shldr1</attrlabl><attalias Sync="TRUE">Shldr1</attalias><attrtype Sync="TRUE">String</attrtype><attwidth Sync="TRUE">254</attwidth><atprecis Sync="TRUE">0</atprecis><attscale Sync="TRUE">0</attscale></attr><attr><attrlabl Sync="TRUE">L1</attrlabl><attalias Sync="TRUE">L1</attalias><attrtype Sync="TRUE">String</attrtype><attwidth Sync="TRUE">254</attwidth><atprecis Sync="TRUE">0</atprecis><attscale Sync="TRUE">0</attscale></attr><attr><attrlabl Sync="TRUE">L2</attrlabl><attalias Sync="TRUE">L2</attalias><attrtype Sync="TRUE">String</attrtype><attwidth Sync="TRUE">254</attwidth><atprecis Sync="TRUE">0</atprecis><attscale Sync="TRUE">0</attscale></attr><attr><attrlabl Sync="TRUE">L3</attrlabl><attalias Sync="TRUE">L3</attalias><attrtype Sync="TRUE">String</attrtype><attwidth Sync="TRUE">254</attwidth><atprecis Sync="TRUE">0</atprecis><attscale Sync="TRUE">0</attscale></attr><attr><attrlabl Sync="TRUE">LTL1</attrlabl><attalias Sync="TRUE">LTL1</attalias><attrtype Sync="TRUE">String</attrtype><attwidth Sync="TRUE">254</attwidth><atprecis Sync="TRUE">0</atprecis><attscale Sync="TRUE">0</attscale></attr><attr><attrlabl Sync="TRUE">Cntr_Confi</attrlabl><attalias Sync="TRUE">Cntr_Confi</attalias><attrtype Sync="TRUE">String</attrtype><attwidth Sync="TRUE">254</attwidth><atprecis Sync="TRUE">0</atprecis><attscale Sync="TRUE">0</attscale></attr><attr><attrlabl Sync="TRUE">LTL2</attrlabl><attalias Sync="TRUE">LTL2</attalias><attrtype Sync="TRUE">String</attrtype><attwidth Sync="TRUE">254</attwidth><atprecis Sync="TRUE">0</atprecis><attscale Sync="TRUE">0</attscale></attr><attr><attrlabl Sync="TRUE">L4</attrlabl><attalias Sync="TRUE">L4</attalias><attrtype Sync="TRUE">String</attrtype><attwidth Sync="TRUE">254</attwidth><atprecis Sync="TRUE">0</atprecis><attscale Sync="TRUE">0</attscale></attr><attr><attrlabl Sync="TRUE">L5</attrlabl><attalias Sync="TRUE">L5</attalias><attrtype Sync="TRUE">String</attrtype><attwidth Sync="TRUE">254</attwidth><atprecis Sync="TRUE">0</atprecis><attscale Sync="TRUE">0</attscale></attr><attr><attrlabl Sync="TRUE">L6</attrlabl><attalias Sync="TRUE">L6</attalias><attrtype Sync="TRUE">String</attrtype><attwidth Sync="TRUE">254</attwidth><atprecis Sync="TRUE">0</atprecis><attscale Sync="TRUE">0</attscale></attr><attr><attrlabl Sync="TRUE">Shldr_2</attrlabl><attalias Sync="TRUE">Shldr_2</attalias><attrtype Sync="TRUE">Double</attrtype><attwidth Sync="TRUE">19</attwidth><atprecis Sync="TRUE">0</atprecis><attscale Sync="TRUE">0</attscale></attr><attr><attrlabl Sync="TRUE">BL1</attrlabl><attalias Sync="TRUE">BL1</attalias><attrtype Sync="TRUE">Double</attrtype><attwidth Sync="TRUE">19</attwidth><atprecis Sync="TRUE">0</atprecis><attscale Sync="TRUE">0</attscale></attr><attr><attrlabl Sync="TRUE">BL2</attrlabl><attalias Sync="TRUE">BL2</attalias><attrtype Sync="TRUE">Double</attrtype><attwidth Sync="TRUE">19</attwidth><atprecis Sync="TRUE">0</atprecis><attscale Sync="TRUE">0</attscale></attr><attr><attrlabl Sync="TRUE">Source</attrlabl><attalias Sync="TRUE">Source</attalias><attrtype Sync="TRUE">String</attrtype><attwidth Sync="TRUE">50</attwidth><atprecis Sync="TRUE">0</atprecis><attscale Sync="TRUE">0</attscale></attr><attr><attrlabl Sync="TRUE">FUN_CLASS</attrlabl><attalias Sync="TRUE">FUN_CLASS</attalias><attrtype Sync="TRUE">String</attrtype><attwidth Sync="TRUE">50</attwidth><atprecis Sync="TRUE">0</atprecis><attscale Sync="TRUE">0</attscale></attr><attr><attrlabl Sync="TRUE">NUM_LANES</attrlabl><attalias Sync="TRUE">NUM_LANES</attalias><attrtype Sync="TRUE">Double</attrtype><attwidth Sync="TRUE">19</attwidth><atprecis Sync="TRUE">0</atprecis><attscale Sync="TRUE">0</attscale></attr><attr><attrlabl Sync="TRUE">LANE_WIDTH</attrlabl><attalias Sync="TRUE">LANE_WIDTH</attalias><attrtype Sync="TRUE">Integer</attrtype><attwidth Sync="TRUE">10</attwidth><atprecis Sync="TRUE">10</atprecis><attscale Sync="TRUE">0</attscale></attr><attr><attrlabl Sync="TRUE">ADT</attrlabl><attalias Sync="TRUE">ADT</attalias><attrtype Sync="TRUE">Double</attrtype><attwidth Sync="TRUE">19</attwidth><atprecis Sync="TRUE">0</atprecis><attscale Sync="TRUE">0</attscale></attr><attr><attrlabl Sync="TRUE">Speed_Limi</attrlabl><attalias Sync="TRUE">Speed_Limi</attalias><attrtype Sync="TRUE">Double</attrtype><attwidth Sync="TRUE">19</attwidth><atprecis Sync="TRUE">0</atprecis><attscale Sync="TRUE">0</attscale></attr><attr><attrlabl Sync="TRUE">Width_Comp</attrlabl><attalias Sync="TRUE">Width_Comp</attalias><attrtype Sync="TRUE">Double</attrtype><attwidth Sync="TRUE">19</attwidth><atprecis Sync="TRUE">0</atprecis><attscale Sync="TRUE">0</attscale></attr><attr><attrlabl Sync="TRUE">ON_ST_PARK</attrlabl><attalias Sync="TRUE">ON_ST_PARK</attalias><attrtype Sync="TRUE">String</attrtype><attwidth Sync="TRUE">3</attwidth><atprecis Sync="TRUE">0</atprecis><attscale Sync="TRUE">0</attscale></attr><attr><attrlabl Sync="TRUE">Trail_AHJ</attrlabl><attalias Sync="TRUE">Trail_AHJ</attalias><attrtype Sync="TRUE">String</attrtype><attwidth Sync="TRUE">50</attwidth><atprecis Sync="TRUE">0</atprecis><attscale Sync="TRUE">0</attscale></attr><attr><attrlabl Sync="TRUE">Trail_TYPE</attrlabl><attalias Sync="TRUE">Trail_TYPE</attalias><attrtype Sync="TRUE">String</attrtype><attwidth Sync="TRUE">50</attwidth><atprecis Sync="TRUE">0</atprecis><attscale Sync="TRUE">0</attscale></attr><attr><attrlabl Sync="TRUE">Trail_PHAS</attrlabl><attalias Sync="TRUE">Trail_PHAS</attalias><attrtype Sync="TRUE">String</attrtype><attwidth Sync="TRUE">50</attwidth><atprecis Sync="TRUE">0</atprecis><attscale Sync="TRUE">0</attscale></attr><attr><attrlabl Sync="TRUE">Trail_SCOP</attrlabl><attalias Sync="TRUE">Trail_SCOP</attalias><attrtype Sync="TRUE">String</attrtype><attwidth Sync="TRUE">50</attwidth><atprecis Sync="TRUE">0</atprecis><attscale Sync="TRUE">0</attscale></attr><attr><attrlabl Sync="TRUE">Trail_MAP_</attrlabl><attalias Sync="TRUE">Trail_MAP_</attalias><attrtype Sync="TRUE">Double</attrtype><attwidth Sync="TRUE">19</attwidth><atprecis Sync="TRUE">0</atprecis><attscale Sync="TRUE">0</attscale></attr><attr><attrlabl Sync="TRUE">Trail_TP_N</attrlabl><attalias Sync="TRUE">Trail_TP_N</attalias><attrtype Sync="TRUE">String</attrtype><attwidth Sync="TRUE">50</attwidth><atprecis Sync="TRUE">0</atprecis><attscale Sync="TRUE">0</attscale></attr><attr><attrlabl Sync="TRUE">Trail_TP_L</attrlabl><attalias Sync="TRUE">Trail_TP_L</attalias><attrtype Sync="TRUE">String</attrtype><attwidth Sync="TRUE">50</attwidth><atprecis Sync="TRUE">0</atprecis><attscale Sync="TRUE">0</attscale></attr><attr><attrlabl Sync="TRUE">Trail_Date</attrlabl><attalias Sync="TRUE">Trail_Date</attalias><attrtype Sync="TRUE">Date</attrtype><attwidth Sync="TRUE">8</attwidth><atprecis Sync="TRUE">0</atprecis><attscale Sync="TRUE">0</attscale></attr><attr><attrlabl Sync="TRUE">Trail_Note</attrlabl><attalias Sync="TRUE">Trail_Note</attalias><attrtype Sync="TRUE">String</attrtype><attwidth Sync="TRUE">150</attwidth><atprecis Sync="TRUE">0</atprecis><attscale Sync="TRUE">0</attscale></attr><attr><attrlabl Sync="TRUE">Trail_Widt</attrlabl><attalias Sync="TRUE">Trail_Widt</attalias><attrtype Sync="TRUE">String</attrtype><attwidth Sync="TRUE">10</attwidth><atprecis Sync="TRUE">0</atprecis><attscale Sync="TRUE">0</attscale></attr><attr><attrlabl Sync="TRUE">from_stree</attrlabl><attalias Sync="TRUE">from_stree</attalias><attrtype Sync="TRUE">String</attrtype><attwidth Sync="TRUE">254</attwidth><atprecis Sync="TRUE">0</atprecis><attscale Sync="TRUE">0</attscale></attr><attr><attrlabl Sync="TRUE">to_street</attrlabl><attalias Sync="TRUE">to_street</attalias><attrtype Sync="TRUE">String</attrtype><attwidth Sync="TRUE">254</attwidth><atprecis Sync="TRUE">0</atprecis><attscale Sync="TRUE">0</attscale></attr><attr><attrlabl Sync="TRUE">Existing_S</attrlabl><attalias Sync="TRUE">Existing_S</attalias><attrtype Sync="TRUE">Double</attrtype><attwidth Sync="TRUE">19</attwidth><atprecis Sync="TRUE">0</atprecis><attscale Sync="TRUE">0</attscale></attr><attr><attrlabl Sync="TRUE">Existing_V</attrlabl><attalias Sync="TRUE">Existing_V</attalias><attrtype Sync="TRUE">Double</attrtype><attwidth Sync="TRUE">19</attwidth><atprecis Sync="TRUE">0</atprecis><attscale Sync="TRUE">0</attscale></attr><attr><attrlabl Sync="TRUE">Existing_B</attrlabl><attalias Sync="TRUE">Existing_B</attalias><attrtype Sync="TRUE">String</attrtype><attwidth Sync="TRUE">1</attwidth><atprecis Sync="TRUE">0</atprecis><attscale Sync="TRUE">0</attscale></attr><attr><attrlabl Sync="TRUE">Existing_1</attrlabl><attalias Sync="TRUE">Existing_1</attalias><attrtype Sync="TRUE">Double</attrtype><attwidth Sync="TRUE">19</attwidth><atprecis Sync="TRUE">0</atprecis><attscale Sync="TRUE">0</attscale></attr><attr><attrlabl Sync="TRUE">Existing_T</attrlabl><attalias Sync="TRUE">Existing_T</attalias><attrtype Sync="TRUE">Double</attrtype><attwidth Sync="TRUE">19</attwidth><atprecis Sync="TRUE">0</atprecis><attscale Sync="TRUE">0</attscale></attr><attr><attrlabl Sync="TRUE">LTS_Street</attrlabl><attalias Sync="TRUE">LTS_Street</attalias><attrtype Sync="TRUE">String</attrtype><attwidth Sync="TRUE">254</attwidth><atprecis Sync="TRUE">0</atprecis><attscale Sync="TRUE">0</attscale></attr><attr><attrlabl Sync="TRUE">Planned_Bi</attrlabl><attalias Sync="TRUE">Planned_Bi</attalias><attrtype Sync="TRUE">String</attrtype><attwidth Sync="TRUE">254</attwidth><atprecis Sync="TRUE">0</atprecis><attscale Sync="TRUE">0</attscale></attr><attr><attrlabl Sync="TRUE">Planned__B</attrlabl><attalias Sync="TRUE">Planned__B</attalias><attrtype Sync="TRUE">Double</attrtype><attwidth Sync="TRUE">19</attwidth><atprecis Sync="TRUE">0</atprecis><attscale Sync="TRUE">0</attscale></attr><attr><attrlabl Sync="TRUE">Planned_Vo</attrlabl><attalias Sync="TRUE">Planned_Vo</attalias><attrtype Sync="TRUE">Double</attrtype><attwidth Sync="TRUE">19</attwidth><atprecis Sync="TRUE">0</atprecis><attscale Sync="TRUE">0</attscale></attr><attr><attrlabl Sync="TRUE">Planned_Sp</attrlabl><attalias Sync="TRUE">Planned_Sp</attalias><attrtype Sync="TRUE">Double</attrtype><attwidth Sync="TRUE">19</attwidth><atprecis Sync="TRUE">0</atprecis><attscale Sync="TRUE">0</attscale></attr><attr><attrlabl Sync="TRUE">Planned__1</attrlabl><attalias Sync="TRUE">Planned__1</attalias><attrtype Sync="TRUE">Double</attrtype><attwidth Sync="TRUE">19</attwidth><atprecis Sync="TRUE">0</atprecis><attscale Sync="TRUE">0</attscale></attr><attr><attrlabl Sync="TRUE">Planned_Se</attrlabl><attalias Sync="TRUE">Planned_Se</attalias><attrtype Sync="TRUE">Double</attrtype><attwidth Sync="TRUE">19</attwidth><atprecis Sync="TRUE">0</atprecis><attscale Sync="TRUE">0</attscale></attr><attr><attrlabl Sync="TRUE">Planned_To</attrlabl><attalias Sync="TRUE">Planned_To</attalias><attrtype Sync="TRUE">Double</attrtype><attwidth Sync="TRUE">19</attwidth><atprecis Sync="TRUE">0</atprecis><attscale Sync="TRUE">0</attscale></attr><attr><attrlabl Sync="TRUE">LTS_Change</attrlabl><attalias Sync="TRUE">LTS_Change</attalias><attrtype Sync="TRUE">Double</attrtype><attwidth Sync="TRUE">19</attwidth><atprecis Sync="TRUE">0</atprecis><attscale Sync="TRUE">0</attscale></attr><attr><attrlabl Sync="TRUE">Rec_Cost_P</attrlabl><attalias Sync="TRUE">Rec_Cost_P</attalias><attrtype Sync="TRUE">Double</attrtype><attwidth Sync="TRUE">19</attwidth><atprecis Sync="TRUE">0</atprecis><attscale Sync="TRUE">0</attscale></attr><attr><attrlabl Sync="TRUE">Segment_Co</attrlabl><attalias Sync="TRUE">Segment_Co</attalias><attrtype Sync="TRUE">Double</attrtype><attwidth Sync="TRUE">19</attwidth><atprecis Sync="TRUE">0</atprecis><attscale Sync="TRUE">0</attscale></attr><attr><attrlabl Sync="TRUE">Regional_R</attrlabl><attalias Sync="TRUE">Regional_R</attalias><attrtype Sync="TRUE">Double</attrtype><attwidth Sync="TRUE">19</attwidth><atprecis Sync="TRUE">0</atprecis><attscale Sync="TRUE">0</attscale></attr><attr><attrlabl Sync="TRUE">Priority_S</attrlabl><attalias Sync="TRUE">Priority_S</attalias><attrtype Sync="TRUE">Double</attrtype><attwidth Sync="TRUE">19</attwidth><atprecis Sync="TRUE">0</atprecis><attscale Sync="TRUE">0</attscale></attr><attr><attrlabl Sync="TRUE">Community_</attrlabl><attalias Sync="TRUE">Community_</attalias><attrtype Sync="TRUE">Double</attrtype><attwidth Sync="TRUE">19</attwidth><atprecis Sync="TRUE">0</atprecis><attscale Sync="TRUE">0</attscale></attr><attr><attrlabl Sync="TRUE">CoT_Priori</attrlabl><attalias Sync="TRUE">CoT_Priori</attalias><attrtype Sync="TRUE">Double</attrtype><attwidth Sync="TRUE">19</attwidth><atprecis Sync="TRUE">0</atprecis><attscale Sync="TRUE">0</attscale></attr><attr><attrlabl Sync="TRUE">CoT_Prio_1</attrlabl><attalias Sync="TRUE">CoT_Prio_1</attalias><attrtype Sync="TRUE">Double</attrtype><attwidth Sync="TRUE">19</attwidth><atprecis Sync="TRUE">0</atprecis><attscale Sync="TRUE">0</attscale></attr><attr><attrlabl Sync="TRUE">Segment_Ex</attrlabl><attalias Sync="TRUE">Segment_Ex</attalias><attrtype Sync="TRUE">String</attrtype><attwidth Sync="TRUE">120</attwidth><atprecis Sync="TRUE">0</atprecis><attscale Sync="TRUE">0</attscale></attr><attr><attrlabl Sync="TRUE">Project_Ex</attrlabl><attalias Sync="TRUE">Project_Ex</attalias><attrtype Sync="TRUE">String</attrtype><attwidth Sync="TRUE">254</attwidth><atprecis Sync="TRUE">0</atprecis><attscale Sync="TRUE">0</attscale></attr><attr><attrlabl Sync="TRUE">Lgth_Miles</attrlabl><attalias Sync="TRUE">Lgth_Miles</attalias><attrtype Sync="TRUE">Double</attrtype><attwidth Sync="TRUE">19</attwidth><atprecis Sync="TRUE">0</atprecis><attscale Sync="TRUE">0</attscale></attr><attr><attrlabl Sync="TRUE">Revisions</attrlabl><attalias Sync="TRUE">Revisions</attalias><attrtype Sync="TRUE">String</attrtype><attwidth Sync="TRUE">254</attwidth><atprecis Sync="TRUE">0</atprecis><attscale Sync="TRUE">0</attscale></attr><attr><attrlabl Sync="TRUE">Shape_Leng</attrlabl><attalias Sync="TRUE">Shape_Leng</attalias><attrtype Sync="TRUE">Double</attrtype><attwidth Sync="TRUE">19</attwidth><atprecis Sync="TRUE">0</atprecis><attscale Sync="TRUE">0</attscale></attr><attr><attrlabl Sync="TRUE">GlobalID</attrlabl><attalias Sync="TRUE">GlobalID</attalias><attrtype Sync="TRUE">String</attrtype><attwidth Sync="TRUE">38</attwidth><atprecis Sync="TRUE">0</atprecis><attscale Sync="TRUE">0</attscale></attr><attr><attrlabl Sync="TRUE">Shape_Le_1</attrlabl><attalias Sync="TRUE">Shape_Le_1</attalias><attrtype Sync="TRUE">Double</attrtype><attwidth Sync="TRUE">19</attwidth><atprecis Sync="TRUE">0</atprecis><attscale Sync="TRUE">0</attscale></attr></detailed></eainfo><mdDateSt Sync="TRUE">20200422</mdDateSt><idinfo><native Sync="TRUE">Microsoft Windows 7 Version 6.1 (Build 7601) Service Pack 1; Esri ArcGIS 10.3.1.4959</native><citation><citeinfo><onlink Sync="TRUE">file://\\tdg.internal\projects\Projects_TDG\5000\5421 Tulsa Regional Bike &amp; Ped Master Plan\GIS\Generated\TulsaGenerated.gdb</onlink><title Sync="TRUE">Recommendations_CURRENT_v2</title></citeinfo></citation><descript><langdata Sync="TRUE">eng</langdata></descript><natvform Sync="TRUE">File Geodatabase Feature Class</natvform><spdom><bounding><westbc Sync="TRUE">2473367.0259933</westbc><eastbc Sync="TRUE">2692028.95546646</eastbc><northbc Sync="TRUE">601805.18593739</northbc><southbc Sync="TRUE">318510.764994562</southbc></bounding></spdom></idinfo><metainfo><langmeta Sync="TRUE">en</langmeta><metd Sync="TRUE">20150717</metd></metainfo><spref><horizsys><cordsysn><projcsn Sync="TRUE">NAD_1983_StatePlane_Oklahoma_North_FIPS_3501_Feet</projcsn><geogcsn Sync="TRUE">GCS_North_American_1983</geogcsn></cordsysn><geodetic><horizdn Sync="TRUE">D_North_American_1983</horizdn><ellips Sync="TRUE">GRS_1980</ellips><semiaxis Sync="TRUE">6378137</semiaxis></geodetic></horizsys></spref><mdChar><CharSetCd value="004" Sync="TRUE"/></mdChar></metadata>
